mes,id_equipamento,DF_final,UF_final,produtividade_media,producao_total,num_falhas,HM_calc,HEF_calc,HAO_calc,HO_calc,HT_calc,HC_calc,HD_calc,horas_mes_validacao
2023-01-01,HAUL-0058,83.8189756085065,76.79821329613551,351.39804970766363,161469.22,5,120.45816164589628,459.50516838192493,2.967927367733026,144.77514120661627,479.207585013785,744.4408878662975,623.9827262204012,744
2023-01-01,HAUL-0059,90.62602120171844,71.68912599359747,272.05514356388693,126302.38,21,69.74604658160695,464.25286559722883,6.077807646072959,190.89819365593434,483.3946367694439,744.0388770069851,674.2928304253782,744
2023-01-01,HAUL-0062,90.1565448110748,73.7881940550696,253.63781992688897,120034.8,8,73.23977925008,473.25276662053,6.767481017194788,175.83027747338892,494.97538102568194,744.0454377491509,670.8056584990709,744
2023-01-01,HAUL-0067,79.571964011638,73.04330487373758,350.8188948882832,146006.57,14,152.0413527068559,416.1878739356248,2.0402015488056287,159.64739446465967,432.58913051322605,744.2778776847416,592.2365249778857,744
2023-01-01,HAUL-0075,75.74475540029857,74.7185947981012,281.63540897523336,114933.24,8,180.39295713543464,408.0922935727413,2.8509572850292573,142.4189226690415,420.9157556515486,743.7276354560248,563.3346783205902,744
2023-01-01,HAUL-0076,90.20302253248849,75.27184159327037,353.0550043232504,171337.36,7,72.85734138928993,485.2993383521815,7.600354839701693,165.8800183021625,504.9342638362893,743.6716235277418,670.8142821384519,744
2023-01-01,HAUL-0077,67.0142685197087,72.40365375421968,452.50615533663216,155580.87,7,245.4150831273522,343.8204500980964,6.0597496322169695,137.59225815623287,360.996420688423,744.0037619720081,498.5886788446559,744
2023-01-01,HAUL-0088,53.58143602368939,64.83102590114436,820.7369209826356,202582.55,5,345.2141641932613,246.8300679801951,4.97883856904386,140.14285298416902,258.3414832101277,743.698500387558,398.48433619429676,744
2023-01-01,HAUL-0090,78.5882433092784,74.00573297064666,466.8205844194536,193401.3,9,159.31402725183102,414.2947129045676,7.137096357699619,151.99765000585566,432.7376296395229,744.0493068972096,584.7352796453786,744
2023-01-01,HAUL-0091,87.65197541871852,70.55864757385888,411.24061214279754,182262.51,8,91.87818153228075,443.20163091458465,7.203079655753628,192.0146521515681,460.1790697002766,744.0719033841256,652.1937218518448,744
2023-01-01,HAUL-0092,78.57801715427843,74.35793972157529,432.5001865541686,181423.69,11,159.33552788977826,419.4765589477441,7.416401813139972,149.86731916892242,434.59164216899,743.7944892276907,584.4589613379125,744
2023-01-01,HAUL-0110,90.79259101778531,69.68575317895865,354.14765698241996,160502.56,5,68.4990467753174,453.2080244934881,6.155085842278615,204.75960634450306,470.69707761433386,743.9557307341543,675.4566839588368,744
2023-01-01,HAUL-0111,77.27316816270661,66.05379526728098,358.0193725119417,130544.28,9,169.0661889988203,364.6290955823786,3.4570513203370257,195.13618464036315,379.70328909992594,743.9056627391094,574.8394737402891,744
2023-01-01,HAUL-0112,68.43106249081067,69.77205540019665,388.5735471085347,132550.24,11,235.0279616691813,341.12008134968755,5.593376779823205,154.0002654196311,355.46297284709806,744.4911999359105,509.46323826672915,744
2023-01-01,HAUL-0125,90.38740870508337,73.21297034913835,258.8762094202347,122669.99,14,71.51157453960134,473.8557871915892,4.596211680748139,180.1226622146901,492.30225597289297,743.9364927271844,672.424918187583,744
2023-01-01,HAUL-0126,94.52558383778165,71.74392998775227,415.4005701200231,202679.96,18,40.72735784358371,487.9144964616659,7.606450074119315,198.7053469901251,504.5253107198651,743.9580155535739,703.2306577099902,744
2023-01-01,HAUL-0127,90.42640254608067,70.44295118762481,434.3647738738091,199290.49,15,71.23598158030784,458.80905171628285,5.027153311228319,198.87517407153098,473.97675825083377,744.0879139026725,672.8519323223647,744
2023-01-01,HAUL-0128,93.39319645303385,70.40488621768216,460.80846899881914,217714.96,13,49.14664232388257,472.4630180365845,4.373904491119253,205.6069131145939,489.12571953180486,743.8792749702814,694.7326326463988,744
2023-01-01,HAUL-0132,93.46302765757434,67.59157329582489,552.6089339158542,250002.22,13,48.64395685795115,452.4035075373354,5.064195394370131,225.39799109824403,470.0939349853089,744.1358829415041,695.4919260835529,744
2023-01-01,HAUL-0133,90.42907980957695,70.71939133138684,352.63940473568164,160706.27,9,71.18438943331572,455.724084835205,6.4863020048300255,196.93335580298694,475.63926053775964,743.7570057740623,672.5726163407467,744
2023-01-01,HAUL-0136,81.12742284730254,68.10600114862181,652.8965153762681,260847.58,8,140.39570183678453,399.52362105910765,4.532690225824502,192.48604850612878,411.03202836810794,743.9137787110212,603.5180768742367,744
2023-01-01,HAUL-0138,74.56801627839221,68.6596789716309,703.2450806247797,260328.57,9,189.28485937552918,370.18185718230393,3.6622539928733486,173.93687789356434,381.0570474593941,744.2787847284876,554.9939253529584,744
2023-01-01,HAUL-0140,82.59711697444676,67.4452950595682,749.4043781709888,295959.92,6,129.47028071887638,394.9268627470867,4.892083649641243,200.04492620902587,414.44359879854414,743.9588057264465,614.4885250075702,744
2023-01-01,HAUL-0145,85.05806986283793,70.71364463662867,643.3221229630651,275307.59,5,111.24666047863127,427.94671622975756,9.277006750802828,185.4646449992808,447.8154019649887,744.5267074429008,633.2800469642696,744
2023-01-01,HAUL-0146,77.61642903392162,70.8334651907137,678.3318976031946,266093.24,9,166.65427494496052,392.27587695670644,5.262341154196619,168.54876642737918,409.33533097906036,744.5383723514001,577.8840974064395,744
2023-01-01,HAUL-0147,82.4111645288706,71.8691107942517,577.4925680246299,246955.98,14,130.86872411515932,427.6349059256939,7.250637487438488,172.49173606055257,440.68381910570696,744.0442792814188,613.1755551662594,744
2023-02-01,HAUL-0058,83.71869081155373,72.5731900381104,341.32097032167167,132791.76,9,109.46211652866431,389.0524507616771,3.674182444432947,154.37331955281212,408.48222131146866,672.3176573929452,562.8555408642809,672
2023-02-01,HAUL-0059,89.6962020949705,74.70562184981988,189.01278664588386,80298.88,9,69.22151840087537,424.83305719649667,5.625836636628246,152.4199627063878,450.1643815357429,671.805862643006,602.5843442421306,672
2023-02-01,HAUL-0062,89.38835075808784,74.95074326477132,308.65953061697206,132185.8,18,71.33233059996532,428.257633048871,6.629997528852023,150.51483116899618,450.36060701243156,672.207768781393,600.8754381814277,672
2023-02-01,HAUL-0067,71.0856182793008,73.33166219569854,390.29043557408187,131272.9,17,194.36564589836172,336.34669987982016,1.9244595168203362,127.43340527264807,350.4119190508416,672.2109702218514,477.8453243234897,672
2023-02-01,HAUL-0075,77.29248835886762,72.86076152043815,373.3862597260554,135602.87,11,152.5829637519395,363.1704875789714,4.243542061734282,140.95206646379,378.41426199800094,671.9492922137304,519.3663284617909,672
2023-02-01,HAUL-0076,88.31441463901908,69.70618555500714,267.6273096219654,104021.63,10,78.5205729600241,388.68092403176206,6.072079723610267,179.77054846895862,413.6527353350132,671.9438567639959,593.4232838039718,672
2023-02-01,HAUL-0077,92.12456799316026,70.31312927015037,279.365915694653,116262.28,9,52.955155199484025,416.1648700447577,6.574636023438779,183.89661893771492,435.5577540447838,672.4095281819828,619.4543729824987,672
2023-02-01,HAUL-0090,63.50205665632682,67.69303018550275,514.1796681912548,141140.78,9,245.41663528300919,274.497007041323,2.988713489764079,137.94933837393123,289.0462578271975,672.4122314841379,426.9955962011287,672
2023-02-01,HAUL-0091,82.6663528942856,66.60322013550739,459.4321104291284,163488.22,9,116.47808107752954,355.8484840062557,4.019722812521187,185.51867261980598,369.98001130285877,671.9767650001943,555.4986839226648,672
2023-02-01,HAUL-0092,88.03124556811348,69.24970746351605,401.9605323124477,155811.99,12,80.45781877170276,387.63007179741186,7.506518316391377,181.97234706760173,409.80201362083443,672.2321794601389,591.7743606884362,672
2023-02-01,HAUL-0110,74.43655469326812,70.48493306492932,328.5794378810598,112281.89,9,171.75418655425193,341.71916150347835,2.5275625078829718,147.61074853499625,352.50923716492036,671.8741722541686,500.11998569991664,672
2023-02-01,HAUL-0111,81.9858700292641,69.46232782531241,248.99329298383864,91937.47,6,121.09183108684925,369.23673283829123,6.015786407875767,168.29704589905805,382.8158383323672,672.2047153182746,551.1128842314254,672
2023-02-01,HAUL-0112,88.28174311807395,64.88518605393007,340.85249175361196,126335.14,4,78.74032362509524,370.6446133048146,5.0195580770468275,208.30296540691188,384.902414313533,671.9457033455401,593.2053797204449,672
2023-02-01,HAUL-0125,89.75647040124787,70.75481797500238,257.8461935152851,105702.23,16,68.79981652959015,409.942953040856,5.272333852427809,176.30220669351172,426.53967865640874,671.6417018795106,602.8418853499204,672
2023-02-01,HAUL-0126,92.64166813809096,68.96512413528349,585.3065914875668,243621.38,10,49.47177394149858,416.22866296590314,4.58080503808828,193.30117407264197,429.55027510104617,672.3232231151867,622.8514491736881,672
2023-02-01,HAUL-0127,89.28795717344201,70.14008060107363,340.2689316301465,138922.08,7,71.95035949716258,408.27142029822636,5.428416343930091,179.07797955618196,420.6489559512893,671.6772950046338,599.7269355074712,672
2023-02-01,HAUL-0128,90.0447371303666,68.48193100225116,419.2679381639522,168904.02,14,66.9094462074426,402.8546059106268,4.6083367123040055,190.7447703509055,414.4470336410503,672.1012501993985,605.1918039919559,672
2023-02-01,HAUL-0132,86.34028062423342,66.67572505936754,667.39493581659,248092.53,9,91.77845982075523,371.7327127998758,5.1677196888584875,193.31838253231925,386.794411749681,671.8912541027555,580.1127942820003,672
2023-02-01,HAUL-0133,91.01475561284643,73.47851243083609,170.46874082666977,73200.95,10,60.36484131402416,429.40981229180136,6.9391960677489894,162.16751298329206,449.28956520805923,671.8219195053755,611.4570781913513,672
2023-02-01,HAUL-0136,81.38151657373078,66.44855028777022,743.8144750263674,261170.21,10,125.12534485875236,351.1227850072988,5.328523913416806,183.50083886524618,363.4228870516061,672.0490707756046,546.9237259168523,672
2023-02-01,HAUL-0138,84.78846277844042,65.75339178930723,585.650229960071,212311.11,12,102.16732931536438,362.52202959857993,3.386344071190706,195.02633677858987,374.4500200586901,671.6436861526444,569.47635683728,672
2023-02-01,HAUL-0140,87.8432860092672,71.19826969607135,532.7852189113303,215545.85,6,81.68309295053602,404.56424530777497,4.890934890765951,169.99773208181048,420.2367096962317,671.9175347285782,590.2344417780422,672
2023-02-01,HAUL-0145,60.99839780094369,64.4303185876959,991.6955838191917,252829.71,11,262.08706556901143,254.94689512109042,3.4747241389687846,145.80134932174622,264.1020952205242,671.9905101112819,409.90344454227045,672
2023-02-01,HAUL-0146,88.4380650728972,70.22863720037242,464.39382172835394,189111.37,8,77.71945119619662,407.2219765891292,3.9212862927273546,176.98528183766382,417.49634478064377,672.2010778145042,594.4816266183076,672
2023-02-01,HAUL-0147,89.41115937591006,68.70342726968109,548.3937251793714,221925.7,5,71.14221172458352,404.68314973409196,3.341688660405844,188.00415963122137,412.7138846455253,671.8602560013302,600.7180442767467,672
2023-03-01,HAUL-0058,79.98294763148229,73.76068005871365,285.623605898169,121289.24,8,148.95323292513098,424.64711422781437,1.083963667103149,156.17078330559664,439.00768799262124,744.1317042233488,595.1784712982178,744
2023-03-01,HAUL-0059,88.65286369965494,74.14930664940904,251.34974769046107,118331.43,14,84.38681916187784,470.78396173974267,1.5492321465903647,170.4328515671289,488.8641709757218,743.6838417047285,659.2970225428506,744
2023-03-01,HAUL-0062,87.3924920990427,76.83911075070469,208.43335180144638,99444.79,10,93.81535256413883,477.1059388553666,1.0704033753833513,150.61700928691016,499.6905314371265,744.1228932881754,650.3075407240366,744
2023-03-01,HAUL-0067,84.6971353763218,74.97942340865181,299.27360024841937,135732.91,14,113.8728891866704,453.541207401293,1.887467659816314,157.69344427849626,472.56159282174707,744.1279262869137,630.2550371002434,744
2023-03-01,HAUL-0075,89.05684681333601,75.41624623761679,285.03685319121143,136863.71,10,81.37146931146496,480.1614544494975,1.34902561778614,162.79654768230785,499.415371847291,743.5833888410638,662.2119195295988,744
2023-03-01,HAUL-0076,72.16925430865705,71.68321308060234,334.70122744601616,122431.56,10,207.09239793282367,365.79357934905374,2.1706124197422203,152.067184361837,384.954140814246,744.1137231089067,537.021325176083,744
2023-03-01,HAUL-0077,64.77038271377043,75.2658128153208,323.4665047130799,114436.76,16,262.2041948041931,353.782411262357,1.1518364708519515,119.23556567591511,362.83228957898405,744.2720500590923,482.0678552548992,744
2023-03-01,HAUL-0090,87.48384763522746,75.13565682700514,348.04948065776966,166172.05,6,93.08397416987168,477.4380059006431,1.9136890107452276,161.77408136355848,488.85272280338637,743.7107783368165,650.6268041669448,744
2023-03-01,HAUL-0091,83.04064369220777,72.71647449650315,433.7500238665259,186140.6,7,126.17875795914887,429.1425700469343,1.6376901611950923,168.56526143231315,449.2627440089508,744.0067634004128,617.8280054412639,744
2023-03-01,HAUL-0092,84.51259044943282,67.49450737759544,417.24927913792453,169835.9,9,115.20816824219597,407.0370123847706,6.206970543157444,204.35377015672884,424.3208127224645,743.8827511213893,628.6745828791934,744
2023-03-01,HAUL-0110,96.13525666592233,71.54129211795806,269.3033505406278,133333.59,4,28.754694689244154,495.1055741873696,5.656312295448261,203.55696729567154,511.7143237952372,744.025985780153,715.2712910909088,744
2023-03-01,HAUL-0111,88.271695569674975,74.50151742755429,294.1040632413181,139993.91,7,87.29251481350948,476.0012781092803,5.216000041614215,167.52421048352994,489.4725735704385,744.2892988674779,656.9967840539684,744
2023-03-01,HAUL-0112,80.20511880418503,67.91668014414992,290.7570958494766,114346.01,7,147.32181528931378,393.26988621181,4.054431890884525,191.51180498090415,405.40835740055775,744.2419776707757,596.9201623814619,744
2023-03-01,HAUL-0125,96.2785588395484,73.43151331675277,265.49520923378583,133283.21,8,27.68267894867145,502.01738247802217,7.003589081076829,190.28009438573173,525.9070812493526,743.8698545837558,716.1871756350844,744
2023-03-01,HAUL-0126,96.4487696536124,71.16358015413746,351.77557404507763,173988.71,7,26.413593465587887,494.6014528504601,5.283401654414483,206.8648383011971,510.5086754946848,743.7871072614697,717.3735137958819,744
2023-03-01,HAUL-0127,75.88415358299413,71.04468730369346,421.8491507915653,162829.91,13,179.46817731544104,385.99084458144114,5.888999701414821,163.5175217710331,401.2062078120736,744.1919068985477,564.7237295831067,744
2023-03-01,HAUL-0128,81.34395658556596,69.75293684345041,555.1600945414247,228639.28,11,138.8864514484648,411.8438667477738,2.8748226142583326,183.1676797067257,422.40410344030437,744.4582345954949,605.5717831470301,744
2023-03-01,HAUL-0132,90.6865849968005,72.2023577716104,551.3960218070586,259375.03,4,69.28611664346394,470.3969918933493,4.97033387772131,187.53756555740972,487.11521260475547,743.9388948056292,674.6527781621652,744
2023-03-01,HAUL-0133,90.85220839374611,68.87971008166215,217.68227987894804,97445.07,16,68.08723101836969,447.6481505715058,5.1995356518966505,210.44011611251224,465.77503697482757,744.3023841057095,676.2151530873398,744
2023-03-01,HAUL-0136,87.6435816638087,71.73309933753548,568.3660601149289,256858.93,7,91.94537506777893,451.92517292123443,6.730050470051619,184.34679665553654,467.81807581076004,744.1102475340755,652.1648724662965,744
2023-03-01,HAUL-0138,74.74710007599671,65.68096883722767,644.1025050623178,224146.05,7,188.02071529549238,347.99748213727804,4.542745185693384,190.99579692153893,365.53447345719513,744.5509856742265,556.530270378734,744
2023-03-01,HAUL-0140,75.94175443482207,69.98548222364653,647.4959326304761,248935.65,6,178.94421268179866,384.4590173542708,2.2701227125026584,169.53747087142915,395.3140857476048,743.7957693008326,564.851556619034,744
2023-03-01,HAUL-0145,75.0348513388663,66.99116980699418,738.6401842983142,266462.24,6,185.71948105602155,360.7470127733858,3.9851859532658502,184.25380490255225,373.941695589899,743.9149815484727,558.1955004924512,744
2023-03-01,HAUL-0146,81.9102350687434,67.13516924753715,686.1692430257456,273190.09,5,134.59676643718228,398.13805817838113,3.9107043095436165,200.2955383934499,409.1569791079218,744.0492839385539,609.4525175013716,744
2023-03-01,HAUL-0147,65.46930833003479,72.01205490440982,767.5203236059313,257941.57,5,256.91098072592104,336.0713222395857,3.315379645471391,136.32834276907425,350.768306532822,744.0076300278172,487.09664930189615,744
2023-04-01,HAUL-0058,82.92613103337784,78.67890174488018,275.0159558700292,124055.11,8,122.92695198272988,451.08331844799454,1.419246779280443,127.29640660215033,469.74791578205316,719.9712743669334,597.0443223842035,720
2023-04-01,HAUL-0059,76.47801676491876,75.87801404365352,158.68509936427648,64132.61,17,169.36431624479835,404.1501707276094,1.0930050302558785,132.83045324987245,417.8308956550455,720.0256651497162,550.6613489049179,720
2023-04-01,HAUL-0062,89.17846803898513,79.22006822613417,193.03374035428072,94301.5,11,77.90881095087893,488.5234043899557,2.1671655686790445,133.4141687183129,508.61955001652507,719.9425296857169,642.033718734838,720
2023-04-01,HAUL-0067,79.09620756777612,75.553725112395,173.97982564782168,71336.02,10,150.5839660220588,410.02466656336236,2.4528063303337033,139.29066078173452,430.4921033495769,720.3667301533701,569.7827641313113,720
2023-04-01,HAUL-0075,69.52327926128724,77.69306392317209,341.4604257336063,127176.93,8,219.40799433360317,372.4499837038753,1.9718314985826004,111.64888320030633,388.86307781385295,719.9199553477624,500.5119610141593,720
2023-04-01,HAUL-0076,82.26462521792675,78.32437011096437,229.1292369027116,102122.68,9,127.66876431564927,445.69903596964946,1.8707681911869842,128.35983048558975,463.82517702147754,719.8537718227166,592.1850075070673,720
2023-04-01,HAUL-0077,77.75363564564037,76.22950091087597,214.06862226034227,87767.87,15,160.2479450896487,409.9987614871459,2.097229746853352,133.13505705335507,426.95018370740655,720.3331858504102,560.0852407607615,720
2023-04-01,HAUL-0090,78.1055208198971,78.65404930656553,320.3826778438383,135967.41,6,157.78282154574796,424.3906409517982,2.0665797544915994,120.14960126963813,442.71875252353976,720.6511753389258,562.8683537931778,720
2023-04-01,HAUL-0091,89.06058082431736,77.99134167707582,390.5284520196443,187289.14,6,78.7585761451924,479.5787324365781,2.995704863148677,141.11808795504902,500.07541818458134,719.9520822848228,641.1935061396305,720
2023-04-01,HAUL-0092,78.6601481169435,67.36061740672167,370.1575830328713,134256.35,14,153.69214320547297,362.7005258138331,2.316654626465215,184.90853635841873,381.61117592467525,720.2118554885669,566.5197122830939,720
2023-04-01,HAUL-0110,91.75717393131832,74.85851535800704,275.5216286925196,131331.83,2,59.335485849561444,476.6661355162266,4.383206195006095,166.0616373832172,494.4468399318021,719.8439631645807,660.5084773150193,720
2023-04-01,HAUL-0111,90.08588511689386,77.02054361802784,225.02146341798183,108242.12,8,71.36628805966578,481.03020198983467,5.686792465963814,149.01694714518806,499.46204499535224,719.845280200206,648.4789921405403,720
2023-04-01,HAUL-0112,82.74245917956455,75.71741395790062,293.60518717503425,127676.58,5,124.20944172676724,434.8580528445669,6.075835889900234,144.61024473898223,450.9204145090379,719.7401009747874,595.5306592480201,720
2023-04-01,HAUL-0125,93.13644592936454,75.88064673973894,204.19151895037606,100795.05,9,49.4422060044572,493.6299534776264,3.8477211504612674,161.8207091735889,509.09574296944567,720.3586581474917,670.9164521430346,720
2023-04-01,HAUL-0126,88.1654939629219,76.37966141378365,407.7959892651812,192344.07,10,85.22804225933479,471.6673902227191,3.193603644967842,149.97440264665067,484.96316227957044,720.1656071855559,634.9375649262212,720
2023-04-01,HAUL-0127,90.36530652943681,73.58111115560165,131.55142436039574,61240.17,14,69.33808895719105,465.52266763929225,3.6076612476672962,171.81071273801155,478.52213717835036,719.670938873553,650.332849916362,720
2023-04-01,HAUL-0128,94.02368638699025,77.29185993090167,420.9265705749327,212923.68,15,43.02189664106204,505.8451874614925,6.937209073284426,153.70040507472638,523.1511759311736,719.8734776469621,676.8515810059,720
2023-04-01,HAUL-0132,93.13364761719599,76.31948314878831,484.386086735572,240109.1,7,49.448873067948035,495.6977637780013,3.713628106961134,158.828377883342,511.8849299438687,720.1621808951587,670.7133078272107,720
2023-04-01,HAUL-0133,91.79428421816324,77.79337764982479,314.1110611949034,155252.72,8,59.09725306643302,494.26059499275937,3.4058852372673174,146.80774602709715,514.2911987475406,720.1961978410709,661.0989447746379,720
2023-04-01,HAUL-0136,74.00976740193123,71.37535116299958,621.9715882522198,230152.1,11,187.0558353046901,370.0363559157778,0.5364698709584126,152.4720717467517,380.18798852153407,719.7158955729758,532.6600602682856,720
2023-04-01,HAUL-0138,81.826314397594075,76.004398402926455,461.5866497198457,199656.99,11,130.8609950257209,432.5449839616881,1.9504606010031924,141.38125760189814,447.8152958995596,720.0575485271786,589.1965535014576,720
2023-04-01,HAUL-0140,88.37703053109391,73.67712654308153,386.33883349672897,175743.19,12,83.67572117901334,454.89392927280755,1.4946858504612348,167.4769596809621,468.76421647734946,719.9168973373248,636.2411761583115,720
2023-04-01,HAUL-0145,87.5808671925487,72.99956419887312,455.4990690750975,203338.13,16,89.41930811154273,446.40734483362013,3.618041612143702,170.26290886874995,460.33027904432794,720.0124960246206,630.5931879130779,720
2023-04-01,HAUL-0146,84.47755647386055,73.21973483144365,436.3448618776768,189332.57,6,111.81548589580682,433.9058083215765,3.0612599649801915,162.96640422834255,445.5653007515139,720.3471908756633,608.5317049798565,720
2023-04-01,HAUL-0147,88.98861755009662,79.92382182111845,501.4891212981614,250085.22,7,79.27267909028842,498.6852343927742,1.8773532732625362,128.61664903874524,512.0264449443472,719.9157730733808,640.6430939830924,720
2023-05-01,HAUL-0052,68.24666287645634,71.86286067664702,520.9396456089909,94861.05,10,121.93807963766554,182.0960466333968,1.8600113289246711,73.74139312019528,188.33710843874655,384.0165811966074,262.07850155894187,744
2023-05-01,HAUL-0058,83.50744864784708,76.48609299933436,311.8613646291108,143781.64,8,122.75193676033248,461.04345169846874,1.5566546126470797,146.1472067981234,475.38798424429365,744.2871278027495,621.5351910424171,744
2023-05-01,HAUL-0059,58.71981768005661,76.10833442563528,282.48969771853194,90749.18,14,307.0748192463033,321.24775074247475,1.8075668177173512,104.35991666744683,332.44477718120174,743.8795130949519,436.8046938486486,744
2023-05-01,HAUL-0062,82.0080725978165,78.27362964756408,235.45398212251072,108959.28,14,133.84302952666252,462.7625280225952,2.587373638807867,132.54454284314426,477.51843911409554,743.9060114839024,610.0629819572398,744
2023-05-01,HAUL-0067,87.32402083929196,76.58808810963808,299.21577624741667,143204,9,94.36353325726532,478.59775910207,3.28221180867363,152.1925111542284,497.87191701783433,744.4279614293281,650.0644281720628,744
2023-05-01,HAUL-0075,81.70930066932695,79.73935136954039,302.69291157967183,141564.9,5,136.09477850340983,467.6848865115848,2.652897662713967,123.17880620321684,484.79188836789007,744.0654730745167,607.9706945711068,744
2023-05-01,HAUL-0076,90.9100234021637,82.21977614009434,261.8910944715229,140085.31,8,67.6305154389625,534.8990972094027,2.135305685431629,120.26213966444135,556.119331187745,744.0119862911488,676.3814708521863,744
2023-05-01,HAUL-0077,84.93272923255249,77.47537447522592,233.85310906008596,109564.11,15,112.08604794118796,468.5167986021889,1.665318545880183,142.31465462533157,489.50341697281556,743.9041195393352,631.8180715981472,744
2023-05-01,HAUL-0090,69.30568634064763,76.35673448889557,529.7544658726983,201942.98,5,228.28315612862707,381.20109033404077,0.9841456023881561,121.86872556550601,393.5792167175446,743.7310984116776,515.4479422830506,744
2023-05-01,HAUL-0091,83.5671457717559,74.92735899495759,404.2839024022317,179904.56,8,122.20643132522707,444.9956056400402,3.9590281575867983,155.8176717582993,465.64726178006407,743.6713648635904,621.4649335383633,744
2023-05-01,HAUL-0092,83.69591418127558,67.91504263383487,465.28071330824673,188933.93,10,121.2349253507477,406.06439208846376,4.165696475430798,199.68112769140168,422.6701050453865,743.5861580875359,622.3512327367881,744
2023-05-01,HAUL-0110,85.83545191737515,77.59088702237528,294.682177065041,141198.29,5,105.3733389904832,479.1544958921466,6.381904447549633,143.09332754351544,495.4563896469539,743.9230561809525,638.5497171904692,744
2023-05-01,HAUL-0111,91.31090209966611,80.29768375877511,221.91393398760454,117034.38,9,64.65155572157879,527.3863515327397,8.698415704737329,133.85796195749714,545.5441972536836,744.0537149327595,679.4021592111807,744
2023-05-01,HAUL-0112,64.01311231083588,80.73354642724875,367.6461545805676,135652.02,6,267.93449002908363,368.9744019076163,4.638984799129809,91.82375673813507,384.77540766647763,744.5336544336964,476.59916440461274,744
2023-05-01,HAUL-0125,91.58588780384466,81.87777324201258,225.864280053619,121396.1,9,62.61425471258619,537.4736544051198,7.869609083803221,123.51082904902223,558.0325083037375,744.157592065346,681.5433373527597,744
2023-05-01,HAUL-0126,86.22590940850085,79.55034520883672,513.5417425606495,254669.76,12,102.50489961694565,495.9085871581771,3.9392016164082584,131.22163789669992,510.4597950505375,744.1863325641831,641.6814329472375,744
2023-05-01,HAUL-0127,93.9097206418103,77.76238796027727,193.15642128966667,102119.62,7,45.30233946667649,528.6887141424954,5.655576132663379,155.33957547336527,543.204743025781,743.8466579658227,698.5443184991462,744
2023-05-01,HAUL-0128,85.64016082727812,78.41651214255104,310.2111800885214,148236.95,20,106.79637271154336,477.8581802167779,6.461046679943669,137.46939708354998,499.4498904360812,743.7156602311745,636.9192875196312,744
2023-05-01,HAUL-0132,90.9529094945266,81.87418319021755,551.4353497532717,294291.93,8,67.3175585396929,533.6834683008168,7.643732818441638,122.66865527601638,554.0934270253586,744.0796408410678,676.7620823013749,744
2023-05-01,HAUL-0133,81.34806682393507,79.94925610277114,400.28423727216983,187042.6,15,138.7804471947553,467.2744579567893,5.058923677488241,121.3618416956585,483.91166993914703,744.0539588295609,605.2735116348056,744
2023-05-01,HAUL-0136,78.2334790650656,81.1770250281716,418.15144038106456,191124.94,12,161.90135250797982,457.0711028182192,3.2565924819743013,109.53234019216455,472.37535694974497,743.8090496498894,581.9076971419096,744
2023-05-01,HAUL-0138,85.80584737746348,75.45653813452847,588.2198084745373,271868.22,11,105.53773651351594,462.1881413770317,4.8962938125883735,156.58530752230635,481.4066284995444,743.5296725353668,637.9919360218508,744
2023-05-01,HAUL-0140,81.05233256061572,81.70129634396716,571.0298876041974,270006.99,9,140.98329840971275,472.8421328922667,5.421782903708704,110.35645852333306,492.72701994455247,744.0667768775982,603.0834784678855,744
2023-05-01,HAUL-0145,91.87590310759609,81.89671443137097,485.6519663132019,263044.34,10,60.42961211818123,541.6313702935984,7.382039064200991,123.71824067353924,559.6838975986933,743.8317503904138,683.4021382722326,744
2023-05-01,HAUL-0146,83.04960998305643,77.88746301948389,539.8093100894532,248858.91,14,126.13282882447236,461.0126304764194,7.40290180617543,136.65471159088315,481.3418200205415,744.129360435897,617.9965316114246,744
2023-05-01,HAUL-0147,81.89925124507911,82.27728795414694,469.8532815208121,228826.75,9,134.7473703744379,487.01745629899176,4.983033736488507,108.05226396166462,501.6301801366572,744.4298144727597,609.6824440983219,744
2023-06-01,HAUL-0057,88.73788041886544,83.15193247120229,158.36844762708017,81439.03,7,81.10020875762713,514.2377236137936,3.698145571158292,107.66163806610767,531.3531206418926,720.1149674656274,639.0147587080003,720
2023-06-01,HAUL-0058,76.91423442360579,77.79723346903543,320.9851424880572,132151.6,7,166.23114099496323,411.70628327420775,1.5992276620046546,122.96511444627022,430.8627802657686,720.0590357070021,553.8278947120389,720
2023-06-01,HAUL-0059,85.92350607568693,81.0118650800745,285.063791825104,136030.08,10,101.36939467317498,477.19171603336747,2.6303309057443998,117.4915558240405,501.27145760256457,720.13240809978,618.7630134266051,720
2023-06-01,HAUL-0062,83.06829414175016,83.00925109192319,184.14116403211062,88977.96,7,121.9267385668728,483.2051565856507,2.128602890482537,101.6356468837345,496.5466194401492,720.1090048907564,598.1822663238836,720
2023-06-01,HAUL-0067,80.11094341924874,80.18642635634957,222.29510165153772,98351.46,17,143.17027430126996,442.4364696716189,2.0502816155285486,114.25976681685503,462.4144307399871,719.8444718581121,576.6741975568422,720
2023-06-01,HAUL-0075,84.1749270089788,83.60323434984566,268.7343865810372,131037.06,4,113.88774538634253,487.6080864347652,2.399095110773735,99.32811909429489,506.4506132092915,719.6664776899288,605.7787323035863,720
2023-06-01,HAUL-0076,83.36710166717047,79.6398991033892,321.2885859203564,147932.76,6,119.66714225162913,460.4357779353879,3.2623888284331177,122.11854350940824,477.6748667960213,719.4605525570587,599.7934103054296,720
2023-06-01,HAUL-0077,78.5709129749121,80.34875551246854,249.15693264552164,107026.63,19,154.37835597583754,429.5550955119037,2.5826682924907125,111.2332435994332,454.8033942837795,720.4149938590502,566.0366378832127,720
2023-06-01,HAUL-0090,84.29250375568465,84.0017001117696,390.9964489702556,193006.4,3,113.12561154655668,493.6269894734585,4.136479882703574,97.12180894398777,509.95400300174293,720.2014234922873,607.0758119457306,720
2023-06-01,HAUL-0091,70.92840676932269,80.16706525225396,650.0071352717791,255884.07,5,209.23849519043986,393.6634786216777,1.740280033796599,101.2464821121858,409.25024164521125,719.735218947837,510.49672375739715,720
2023-06-01,HAUL-0092,71.0977795772053,75.00595153469632,558.7771774501964,207590.47,12,208.14623904866102,371.50849815891496,2.064830367398258,127.9764339883019,384.0511959731133,720.1738690100761,512.0276299614152,720
2023-06-01,HAUL-0110,94.7694382124686,81.88478431189189,265.7233857515354,142560.92,3,37.666554767406204,536.5012175981439,11.526536118461719,123.6287213055566,558.8291827795367,720.1244588524995,682.4579040850933,720
2023-06-01,HAUL-0111,88.57316325385253,81.65575521028899,300.53943766688013,150578.17,6,82.24036465114997,501.0263250938196,9.794660040864951,116.93943650818196,520.5326308825202,719.7124320418521,637.4720673907021,720
2023-06-01,HAUL-0112,88.06282084027517,78.99349825132516,295.93820367977986,140297.34,8,85.94390730336421,474.07647358638707,12.416405254393396,133.18634767137468,500.8380570811999,719.9683120559389,634.0244047525747,720
2023-06-01,HAUL-0125,91.8959680184824,84.11183990478001,269.8480996268586,145546.93,9,58.35596739520353,539.3661478485853,9.307219168788707,105.13666357652686,556.5929699771883,720.0856009489187,661.7296335537152,720
2023-06-01,HAUL-0126,93.75117536288047,83.04383520766659,370.53667944768074,199404.61,10,44.99471759425922,538.1507987204695,11.662447625708923,114.4636375227472,560.5925377657886,720.0508928827951,675.0561752885359,720
2023-06-01,HAUL-0127,86.94394281498971,81.86461669250174,554.5544040151035,274087.06,9,94.0041553429129,494.24737774246427,10.56434719121788,113.52750101467515,512.4725073101338,720.0041636677219,626.000008324809,720
2023-06-01,HAUL-0128,85.70616997229888,79.77133300206322,403.0884241838892,191177.32,5,102.92852481273391,474.281345059874,7.483440344508744,124.84365876750687,492.3184052490703,720.0905888293111,617.1620640165771,720
2023-06-01,HAUL-0132,90.9105314630923,83.9641993137134,593.4286397855093,314344.21,3,65.43316344999188,529.7085258871523,8.709834491152304,104.94560920375356,549.5000979788025,719.8788706325479,654.445707182556,720
2023-06-01,HAUL-0133,92.3611478205037,79.93438081150103,533.597963537885,275083.92,11,55.00467646111392,515.5265551917146,8.81535684110843,133.448407577829,531.6115954263033,720.0646794652463,665.0600030041323,720
2023-06-01,HAUL-0136,83.84889746407396,79.68236049543651,501.5413710263334,233211.69,14,116.28444029278972,464.98993597031745,8.078088794909576,122.65635071010972,481.03755124420064,719.9783422471,603.6939019543104,720
2023-06-01,HAUL-0138,88.1176089893863,78.70825015740863,512.7812445386445,246612.39,7,85.52900101567649,480.93098690042797,8.921481095768296,135.0465890185255,499.2206272362064,719.7962172704084,634.2672162547319,720
2023-06-01,HAUL-0140,92.88930162792124,82.93777629243085,465.6492071893662,247180.15,6,51.18796435481861,530.8291009276408,9.168294795962352,114.092456687687,554.5921101256836,719.8725311681892,668.6845668133706,720
2023-06-01,HAUL-0145,83.97614961603102,82.19709427798236,482.70584622067713,231400.15,6,115.3542737248294,479.38128740668185,9.32259621691157,107.62512227358953,496.9117098261545,719.8911058245735,604.5368320997441,720
2023-06-01,HAUL-0146,80.5569782022003,81.65790503848037,423.34382147346554,192011.68,13,139.959083613171,453.55966063634867,9.054804035658345,106.36271919165198,473.520437093348,719.842239898171,579.883156285,720
2023-06-01,HAUL-0147,81.86383880848851,82.90443383611816,503.9060554771359,236376.26,11,130.61385507414664,469.08795286490715,10.526366401773409,100.790471054612,488.78035736026766,720.1846834890263,589.5708284148797,720
2023-07-01,HAUL-0057,70.34235611210762,88.19169248960233,283.46105193217215,123217.64,19,220.63889961332868,434.68984243198275,9.31798847012203,61.79452554968592,461.5194675460509,743.9528927090655,523.3139930957368,744
2023-07-01,HAUL-0058,64.59445202623502,83.91486292334496,365.3501344522282,140494.94,12,263.3953616138822,384.5487567991318,3.3070643702567954,77.29595850990701,403.2467819190163,743.9381020428054,480.54274042892325,744
2023-07-01,HAUL-0059,71.19982482874862,73.61468952826468,354.0328978967072,132300.06,5,214.26631490735735,373.69425492938205,3.8424020138019164,139.765475085581,389.94394499231294,743.9757349852513,529.7094200778939,744
2023-07-01,HAUL-0062,84.79926017069748,84.84742981558203,193.13478908678334,99870.04,11,113.11444937380288,517.1002100254673,2.60250205975739,95.61625451300094,535.4070857473018,744.1377896341057,631.0233402603028,744
2023-07-01,HAUL-0067,83.82813627137897,81.87804785014046,212.22290288119876,104991.97,13,120.32978356806106,494.7249734811795,3.8646969632713963,113.0336762197018,510.705285703216,744.0687454909788,623.7389619229177,744
2023-07-01,HAUL-0075,78.30490826013825,82.22574241526725,50.93585774478517,23654.39,4,161.5174625261748,464.3956349674262,2.877187807792636,103.61877340131136,479.35226157634634,744.4884975038325,582.9710349776577,744
2023-07-01,HAUL-0076,84.7854023315952,78.48245281262288,276.8689356602802,131152.21,13,113.15964190477258,473.69781549247006,5.412212300338983,135.6890936002922,494.9083086904845,743.7570441955493,630.5974022907767,744
2023-07-01,HAUL-0077,79.86827085907329,84.81449200932805,259.51446220319366,124273.22,4,149.69248557163692,478.868186940183,5.101197036735383,90.18255344483286,503.6899301113944,743.5649691278642,593.8724835562273,744
2023-07-01,HAUL-0090,78.4922412375792,84.07879228039128,485.72247766181226,227359.39,7,160.03377283246343,468.0849671492877,5.522856833348902,92.9863553718811,491.0544850560604,744.0746132604049,584.0408404279415,744
2023-07-01,HAUL-0091,91.65449572488988,84.03112851730235,464.33479790131236,253959.3,9,62.09964489595701,546.931440735948,6.375259237772262,108.90919069926115,573.1001223399521,744.1089579351702,682.0093130392132,744
2023-07-01,HAUL-0092,84.95636944760113,82.41581561371032,503.07575617163445,247022.64,8,111.93791789777912,491.0247352800743,9.578472822712431,111.1585157443574,520.9920196596461,744.0884533017826,632.1505354040034,744
2023-07-01,HAUL-0110,82.98626784568253,80.20396944303417,318.8654418014359,149516.27,7,126.51410177792067,468.90082899954666,7.960379222722272,122.15850073256485,494.92733564779826,743.5999381582837,617.085836380363,744
2023-07-01,HAUL-0111,65.59725923895009,75.36231761910508,364.8184054328683,129288.61,9,255.93756768580522,354.3916865888251,6.558125986770113,120.23379130248085,367.77392567220977,743.9452846604959,488.00771697469065,744
2023-07-01,HAUL-0112,84.09551414940162,81.29324781632575,310.79804503289614,151115.36,7,118.32509897359952,486.21721537535836,8.76271374426369,117.03842409557977,508.6095929756113,743.9731160447906,625.648017071191,744
2023-07-01,HAUL-0125,88.44213742485968,82.58237831573884,267.2281835876545,140855.67,3,86.43758479465602,527.098856523857,8.66358070211232,115.20549129549703,546.2251757834563,747.8682518736093,661.4306670789533,744
2023-07-01,HAUL-0126,90.73282862557218,82.55094294074293,474.53092580254105,254191.21,13,68.96395748599399,535.6683751856723,9.10015741320906,117.8179316665263,557.3929480183532,744.1748371708735,675.2108796848795,744
2023-07-01,HAUL-0127,95.97691237412148,81.51069546335972,463.06037979220906,261461.49,9,29.92733214754191,564.638007072267,7.700697247019651,132.0066657916306,581.9556443105846,743.8896422497571,713.9623101022152,744
2023-07-01,HAUL-0128,89.30949148234212,79.5683275031674,543.0318253910557,279172.57,10,79.57904372178628,514.0998316239722,5.392992493053468,135.83193494208828,528.978716085846,744.3896947497207,664.8106510279343,744
2023-07-01,HAUL-0132,89.11296705827819,84.34872768379297,544.8313865049597,290501.11,6,81.0008169235219,533.1945207186692,7.952122760770883,103.7696647513113,559.241384157837,744.0118658326703,663.0110489091484,744
2023-07-01,HAUL-0133,89.18080290460955,80.10939174401138,461.65756513557744,237745.02,16,80.51555669600137,514.981315058013,7.3746272442645315,132.00920319470157,531.6668468072211,744.191606697924,663.6760500019227,744
2023-07-01,HAUL-0136,77.51269432276074,79.64693889847061,600.8492295122638,266855.88,5,167.32856536262443,444.13118448469817,9.155078048129658,117.39111661120248,459.38264742167524,744.1023293955022,576.7737640328778,744
2023-07-01,HAUL-0138,86.74786300434772,81.31004707409897,479.11892392080676,238835.42,9,98.56063196025667,498.4888053377682,10.381882905262175,120.58257536130284,524.5906673930778,743.7338747146373,645.1732427543807,744
2023-07-01,HAUL-0140,82.67060089085008,80.87441450046732,670.5381114052352,320106.79,9,128.9074584661701,477.3879136103952,9.567838646502402,117.61436700482419,497.3438888232024,743.8657142941967,614.9582558280265,744
2023-07-01,HAUL-0145,48.84190886619697,81.87560520406018,981.0331470901491,281462.13,6,380.54101230823017,286.90379202257054,3.8147457616499882,65.84810489494659,297.46391537564296,743.8530325788197,363.3120202705895,744
2023-07-01,HAUL-0146,86.08278308950617,80.38399835465867,510.3762886457552,250131.59,9,103.54009789565882,490.09249756430734,7.3573553116530555,125.62699277814512,514.8041972752095,743.9712879490135,640.4311900533546,744
2023-07-01,HAUL-0147,85.72451761633656,81.07498532305338,460.14861041808024,227949.82,11,106.12429404145216,495.38304547500456,8.42480720708857,120.6049954877838,516.6732182760236,743.4025078052595,637.2782137638073,744
2023-08-01,HAUL-0057,86.4093864099919,83.66496419999567,263.8321545684703,134359.63,8,101.09170439390178,509.2617699300587,10.823807905041807,104.99230392532405,537.7507252959286,743.8347336151544,642.7430292212526,744
2023-08-01,HAUL-0058,82.19122905625474,84.35630666501721,278.2800962960927,137065.65,2,132.52688288836782,492.54564672193015,3.0916099023650023,95.68300446250728,515.9564748702837,744.1663622211588,611.639479332791,744
2023-08-01,HAUL-0059,40.26296869671787,80.70498401670054,663.3849277061221,152279.21,6,444.2644057323076,229.5487938300873,5.076445372055971,57.77617934288542,241.65958890365422,743.7001739788471,299.43576824653957,744
2023-08-01,HAUL-0062,87.1220410895925,85.11935591873304,302.3561899812308,159517.38,7,95.81059417239933,527.5809964727439,1.5771383223292548,96.45311748590491,551.725260809753,743.9889724680572,648.1783782956579,744
2023-08-01,HAUL-0067,72.2567546361208,83.54367847336431,261.26814707827435,111724.85,12,206.2694162177399,427.6252243122768,1.206580752976214,88.4074353943284,448.81733413411655,743.4941857461848,537.224769528445,744
2023-08-01,HAUL-0070,64.03467273422446,82.53156414402876,307.3870097657107,117850.93,7,267.6912658221558,383.3959349480174,7.50003925748614,83.25673941788659,393.35570662104686,744.3037118610893,476.61244603893346,744
2023-08-01,HAUL-0076,88.92632336989902,86.51007026379321,254.78971850175614,138475.36,7,82.4060948972749,543.4888064333159,8.897481970346423,89.27040834509341,572.4855095192735,744.1620127616418,661.7559178643669,744
2023-08-01,HAUL-0077,82.89238452163823,85.51380869849031,316.35073746750794,159103.9,8,127.31994347810709,502.93513229549967,7.1724629096539525,89.36671743319839,527.5429696830068,744.2296305943123,616.9096871162052,744
2023-08-01,HAUL-0090,78.73257924409783,85.29884484154488,503.2570669692434,242416.82,5,158.32972235510425,481.69580898267907,1.6290672083110407,86.16949884397265,499.9715078674194,744.4707290664962,586.141006711392,744
2023-08-01,HAUL-0091,93.28252400850182,85.76132075994258,460.4058064950228,263903.88,10,49.97128995195762,573.1984181716721,1.868698238036907,98.80625361187944,595.1222487867817,743.8997923506188,693.9285023986612,744
2023-08-01,HAUL-0092,78.70733022557708,85.65761597388125,539.5445307122759,255992.13,10,158.43664208675003,474.4596885488836,10.404892105888477,83.99666413624541,501.6567668643474,744.0900730873428,585.6534310005928,744
2023-08-01,HAUL-0110,93.37829251889596,77.00291424698428,269.17121156192684,138655.76,9,49.284755242814185,515.1210606640235,8.416162182667989,159.83112102191197,535.1748581637443,744.2907344284704,695.0059791856562,744
2023-08-01,HAUL-0111,86.71612694148415,77.68937270241403,357.86088373647715,171689.77,5,98.84674800012766,479.76679710663626,8.912508388271178,143.96248109496312,501.3016756440989,744.1109047391897,645.264156739062,744
2023-08-01,HAUL-0112,88.13616574427827,75.2854366373407,388.8142015146693,183177.84,1,88.2273740362516,471.11921140331344,8.099491209344029,161.9889452982954,493.45029075570255,743.6666100902496,655.439236053998,744
2023-08-01,HAUL-0125,90.08612298906476,74.8199973781587,333.0437053436125,161607.54,7,73.73806603896858,485.244240942083,7.716249101355864,168.718180741374,501.3301241584307,743.7863709387733,670.0483048998047,744
2023-08-01,HAUL-0126,90.76947402962092,79.18894092176039,546.549664805515,279870.51,12,68.69434610743171,512.067846752023,10.927652227468325,140.58162088249637,534.9323947856965,744.2083617756246,675.5140156681929,744
2023-08-01,HAUL-0127,87.09296154923685,78.21007683768124,321.28565718168784,156528.91,12,96.06086240990781,487.1954489754347,8.3061296444237,141.2403011910425,506.95060861119515,744.2517722121454,648.1909098022376,744
2023-08-01,HAUL-0128,94.00634304698163,70.57065652238882,631.935956090165,299154.99,5,44.61225360197709,473.3944747358487,8.331456504021837,205.92070293970968,493.7914843075763,744.324440849263,699.712187247286,744
2023-08-01,HAUL-0132,89.86944967799501,81.36802459470772,594.3840572048877,310875.2,2,75.38086703684814,523.0207577603978,8.687931244617321,124.59455828490475,544.119067482949,744.094492804702,668.7136257678538,744
2023-08-01,HAUL-0133,90.6592515058366,78.39646226121117,420.1003314901561,213943.62,13,69.48772829432336,509.26791521708947,10.005664862812218,145.70130457426606,528.7313107499428,743.9203436185322,674.4326153242089,744
2023-08-01,HAUL-0136,87.56366632804594,80.28458407199244,569.4593084244789,286823.53,9,92.46465543748644,503.6769541858113,8.96347685958072,128.35514179680672,522.6843405326858,743.504137766979,651.0394823294926,744
2023-08-01,HAUL-0138,70.52812994131223,79.73027608769586,671.3427904927387,271899.5,12,219.20960569636986,405.0084455370954,5.976363359430486,106.33153640956833,418.25151597736107,743.7926580832993,524.5830523869295,744
2023-08-01,HAUL-0140,72.21601849154634,79.90187909805967,477.44516072225304,197963.98,13,206.75923686572696,414.631870392258,6.634422694378569,108.00887296182722,429.39894485759777,744.167054685152,537.4078178194251,744
2023-08-01,HAUL-0145,81.05615646228603,80.85513196920657,632.5419482742999,291650.83,7,140.9523972373907,461.07745232657123,11.124766211933576,115.46297728085861,487.63847578292354,744.0538503011728,603.1014530637822,744
2023-08-01,HAUL-0146,83.67216402634745,80.29265472471366,579.4985922424838,279322.81,6,121.56386336183095,482.0077455565603,6.625912166110234,122.76794654166234,500.18732636167186,744.5191362651652,622.9552729033343,744
2023-08-01,HAUL-0147,70.7624587435229,80.24998366501063,438.58055958839475,177218.88,8,217.44975613123103,404.0737240298997,5.82579080340012,103.94137344739019,422.34362644522434,743.7347560238455,526.2849998926145,744
2023-09-01,HAUL-0057,81.5754940477059,84.76397736910258,261.94616250636903,123887.54,7,132.69114133330572,472.95039108270106,6.0244032580395315,89.51120429427623,497.9859822270593,720.1883278546413,587.4971865213356,720
2023-09-01,HAUL-0058,82.53465134977492,84.56248668816473,296.7125289587891,141958.82,4,125.66882420051445,478.43891357791944,2.066285083855423,91.67775256014716,502.1857195436265,719.5322963042881,593.8634721037737,720
2023-09-01,HAUL-0059,77.77496120074439,82.21261625112756,304.5952226369742,133683.27,7,160.09627108236745,438.8882689710723,6.326072057392992,99.6530434093504,460.5926049461444,720.3419194378622,560.2456483554947,720
2023-09-01,HAUL-0062,86.2734000404648,85.94737461350708,296.89016134538605,151952.71,8,98.86810375346599,511.81456910330684,5.651987978478947,87.32279150120242,534.0756240940443,720.2665193487128,621.3984155952468,720
2023-09-01,HAUL-0067,89.26973138021931,85.65090057541131,192.09530740726177,100228.09,12,77.22387037393386,521.7623030608768,2.6711891951695304,92.18703409867175,550.2716413266276,719.6825457992331,642.4586754252992,720
2023-09-01,HAUL-0070,80.35303535916238,81.05288319643455,250.86440025924333,112416.08,14,141.49916968900902,448.1149173969252,4.788671589732711,109.6487909709874,469.06084653097713,720.2088071909736,578.7096375019646,720
2023-09-01,HAUL-0076,82.40367613177224,85.97777112551466,230.1540144800668,112397.29,6,126.68681047034009,488.356852058014,7.4737739022078165,83.19037721748965,510.0846146695827,719.9618023574125,593.2749918870724,720
2023-09-01,HAUL-0077,90.16185726600192,85.10791133882437,201.86526205768314,106484.61,13,70.86292800822642,527.5033897093792,6.263396438053143,96.71290675782602,552.7118244416398,720.2876592076922,649.4247311994658,720
2023-09-01,HAUL-0090,82.78636024386881,85.27899863850287,444.84784337513645,214720.95,5,123.92025517752668,482.68403050102603,2.8017600575313866,87.7335557065391,508.24190514768463,719.8957160317503,595.9754608542237,720
2023-09-01,HAUL-0091,82.3878820430791,86.69875137880642,439.30802444758126,216934.14,9,126.78031277260648,493.80873539195926,3.4100161404722575,78.88528212747916,514.1814620110151,719.8470569111008,593.0667441384943,720
2023-09-01,HAUL-0092,87.83179252694616,84.18054296655288,311.39664278018745,157218.11,8,87.64194833808737,504.88055553951193,7.991421720820421,100.07572316830733,532.5358952754674,720.2535667818621,632.6116184437748,720
2023-09-01,HAUL-0110,67.08081691333004,82.59408732784796,343.8911211618058,130821.41,10,237.03189888557688,380.415201061404,6.8579462365785835,84.07229239500735,398.9376708200543,720.0418621006385,483.0099632150616,720
2023-09-01,HAUL-0111,88.2462184651053,80.15555428006607,310.5218992198539,153662.36,7,84.61851836467892,494.8519263409659,6.612994883541309,126.07322996470994,509.23415903466224,719.9259073640511,635.3073889993722,720
2023-09-01,HAUL-0112,90.87419804733456,80.50700504681063,309.91040032667973,156328.35,5,65.69201445881873,504.43079624050273,7.444587133441326,127.51483166829811,526.6423769828773,719.8492231099941,654.1572086511753,720
2023-09-01,HAUL-0125,93.45957733582618,84.32900059986707,317.5288997808826,172815.28,6,47.07678679171959,544.2505552069583,8.258932627052651,105.4196340742293,567.2856056013916,719.7820264673404,672.7052396756209,720
2023-09-01,HAUL-0126,82.67542090625867,82.30396116895695,452.57889277830805,214599.92,12,124.79014645774123,474.1712957106905,3.8854484241628944,105.38288397007406,490.13391488101973,720.3069453088351,595.5167988510939,720
2023-09-01,HAUL-0127,93.48012816508533,84.88815307260687,482.16734337087047,266859.24,11,46.938401652612285,553.4577230684387,4.94912375679839,101.70120139609918,571.2886845174893,719.9282875662007,672.9898859135884,720
2023-09-01,HAUL-0128,92.68917238729583,81.05658835661568,514.9957709166606,269039.25,9,52.6341448189349,522.4106006174125,7.5610459647772945,126.41197850809958,540.9017075788881,719.9478309059226,667.3136860869877,720
2023-09-01,HAUL-0132,91.1522713176194,83.46841124495576,561.7350870119366,297186.92,5,63.72389502096065,529.0517307381316,8.411030934844637,108.53070021184703,547.9742602005713,720.228855433379,656.5049604124183,720
2023-09-01,HAUL-0133,91.45831252212945,82.94385458849074,490.87276910610575,257795.3,9,61.51642495139015,525.1774313524319,8.056596192340127,112.34441441016968,546.329698055834,720.1905374173938,658.6741124660036,720
2023-09-01,HAUL-0136,86.34614791735878,82.25437763308345,519.4148231773594,257856.08,7,98.28852872144171,496.43573593576946,7.533962049579583,110.30160791791197,511.2691977561062,719.8593343954599,621.5708056740182,720
2023-09-01,HAUL-0138,78.64275708023412,82.19064256001451,514.6346191738328,229458.35,5,153.67241974748086,445.8665263684754,8.161712975280082,100.77614089542031,465.0844817296177,719.5330423725189,565.8606226250381,720
2023-09-01,HAUL-0140,86.8952327842589,83.06622151983247,556.0053388691102,276370.61,8,94.34586861695838,497.0646694906299,12.348251769210265,105.93595880490271,519.6536515054754,719.9354789273365,625.5896103103781,720
2023-09-01,HAUL-0145,86.84017431160503,82.47381710331078,546.2455504779913,272728.16,7,94.76368377724883,499.2775863553481,7.892812158750307,109.5972921675397,515.737344664552,720.0983206093406,625.3346368320917,720
2023-09-01,HAUL-0146,85.54406301214705,81.99769796761153,485.4940020404579,236717.22,13,104.12569432435716,487.5801122261312,7.376880242004643,110.92503676842291,505.2463649159533,720.2970960087334,616.1714016843763,720
2023-09-01,HAUL-0147,89.41480594959455,83.26912223110602,374.24415105392563,190571.97,13,76.22582441026313,509.21829897226655,10.411630666658368,107.72871283891584,536.1628649192157,720.1174021683947,643.8915777581316,720
2023-10-01,HAUL-0057,82.78061760121611,83.71219113015364,312.331014975405,153846.52,8,128.13149344698166,492.5752250768784,9.771181884371444,100.3297301289861,515.6507920560849,744.1120156320526,615.9805221850709,744
2023-10-01,HAUL-0058,81.58383491173423,83.42731096975842,282.7374705960803,137879.7,12,136.95606497359225,487.6598057884426,2.787770680988011,100.54932675302473,506.1677037152595,743.6730954418765,606.7170304682843,744
2023-10-01,HAUL-0059,53.45660743474835,82.92605014855357,428.9995896548862,136135.73,11,346.35889974219674,317.3330074966179,3.8273202871474634,67.92094350491678,329.883572121927,744.1634153690404,397.8045156268437,744
2023-10-01,HAUL-0062,86.30637808031574,84.37893590006998,312.862882726608,163246.05,7,101.88909380567674,521.7814544739424,4.4489541660496705,100.3143059642802,541.8590141281039,744.0624138980608,642.1733200923841,744
2023-10-01,HAUL-0067,89.1838885037882,81.03761212455878,237.72364059201584,123028.28,14,80.49792930562474,517.526484507877,3.157402540387543,125.86152319305938,537.8814822755004,744.2409347741846,663.7430054685598,744
2023-10-01,HAUL-0070,86.73481033654382,78.75496427705767,299.70790343424,147074.87,10,98.7583536990532,490.72736592770644,6.434655751086162,137.18646854506966,508.5477647794856,744.4925870236084,645.7342333245551,744
2023-10-01,HAUL-0076,83.8743342405071,82.40628722995919,251.17099524799596,124145.64,19,119.99994170715091,494.2674207960345,6.936028850656842,109.81204129446967,514.3429777726907,744.1549607743112,624.1550190671603,744
2023-10-01,HAUL-0077,80.33164157928825,82.01329288009805,348.3414948880914,164823.97,9,146.28116715747743,473.1677747807551,4.236106095960054,107.4629127552821,489.99448752882284,743.7385674415824,597.457400284105,744
2023-10-01,HAUL-0090,71.9308381894777,83.25964188249212,492.720131673204,210820.21,9,208.8056315242062,427.8700959185208,4.594553038585262,89.57619874913428,445.51509452165345,743.8969247949939,535.0912932707877,744
2023-10-01,HAUL-0091,90.49383783219011,82.23490301208206,469.32870524881724,251230.79,7,70.73007778794874,535.2981549824628,4.90254453539342,119.61496204069823,553.6994708726065,744.0445107012536,673.3144329133048,744
2023-10-01,HAUL-0092,72.20762642362706,80.58421748781683,553.2824169790952,231025.27,10,206.7687194683434,417.55397046844683,3.998937747604947,104.30308820631159,432.90466090636323,743.9764685810183,537.2077491126748,744
2023-10-01,HAUL-0110,87.4016243882624,81.44181256848293,276.85811297682875,139551.61,15,93.697558176129,504.0546166392443,10.887595125866058,120.63373695721704,529.3960000651967,743.7272951985427,650.0297370224138,744
2023-10-01,HAUL-0111,87.48824399076688,78.86581263057843,281.7113572796169,140166.72,7,93.04352891959334,497.5543810286477,5.716226889104043,137.50014631239873,513.1051687107074,743.6488439426994,650.6053150231061,744
2023-10-01,HAUL-0112,91.01505300521166,80.3741586282974,287.6814733221245,150662.53,5,66.84638758435436,523.7130089058576,6.5041452749700905,132.89355948992625,544.2420443957651,743.9819914700457,677.1356038856914,744
2023-10-01,HAUL-0125,88.92133904837632,80.15280935996923,269.6454000776078,138685.95,10,82.4201503992932,514.3271495085182,5.282322604036494,131.29590058687123,530.2380311830692,743.9540821692336,661.5339317699404,744
2023-10-01,HAUL-0126,89.59805435250802,82.17130857554332,575.1002250157665,303463.83,13,77.40172550491249,527.6712072085879,6.634707310046005,118.86503144452266,547.8413948132585,744.1081517626936,666.7064262577811,744
2023-10-01,HAUL-0127,92.54260124655008,79.82814441867453,529.3770557854748,279160.95,9,55.50212093870418,527.3385896670358,6.226173451707025,138.93439254731348,549.8192622028968,744.2557756889144,688.7536547502102,744
2023-10-01,HAUL-0128,91.44786528906525,79.71742746856121,542.5182481941976,284631.07,8,63.63701206776287,524.6479191205282,5.3215197413071165,138.01676913388903,542.4529736463111,744.106754847963,680.4697427802001,744
2023-10-01,HAUL-0132,89.66046829656231,83.85733045006667,563.882899569541,305261.7,3,76.90874982533273,541.3565480227044,9.065830534314564,107.6592232422882,559.2640691491666,743.8320422167876,666.9232923914549,744
2023-10-01,HAUL-0133,91.57005597114734,80.69451078585278,547.8064545568993,288289.23,14,62.72758601897897,526.261104815179,7.905946158507504,131.5431309554735,549.8337018008685,744.1044187753209,681.376832756342,744
2023-10-01,HAUL-0136,76.80236673033443,80.28558892845368,471.57773520108395,210740.77,10,172.6328218651446,446.8844779326545,5.319382201561991,112.67773347040668,458.8723527151945,744.1829080507458,571.5500861856012,744
2023-10-01,HAUL-0138,78.19273844402765,79.7094563858894,624.4885966735767,275347.56,5,162.25785280685633,440.91687416980255,8.493935852348303,118.04964835983473,463.74673228390395,744.054233450595,581.7963806437386,744
2023-10-01,HAUL-0140,81.75948702708344,81.32208477509934,632.803566632214,302458.63,8,135.70695745140023,477.9660639551819,8.219088104606891,113.61394077137572,494.66562042884993,743.9865186516259,608.2795612002258,744
2023-10-01,HAUL-0145,89.08272156415386,83.4134653610628,588.4154409655489,315406.88,4,81.19221607858316,536.0275377587631,7.452539085742145,109.88771562485356,552.6238819869234,743.7038136903601,662.511597611777,744
2023-10-01,HAUL-0146,71.13232071088501,81.114241868943,742.4944871166546,305471.92,6,214.8496605121012,411.4130479086059,4.058147543000069,99.98254822904981,429.42457186231655,744.2567806034676,529.4071200913664,744
2023-10-01,HAUL-0147,82.23575376262433,82.93220132077622,547.4993209739309,267380.54,7,132.19673545538419,488.36688879241774,7.143799020748095,104.45088765728073,507.5254405169336,744.1730636295986,611.9763281742144,744
2023-11-01,HAUL-0057,77.89136086315047,79.70338270440342,285.8082242814106,122520.99,14,159.16422261845034,428.68252062391383,5.963553612478666,113.81418579575991,446.940269679204,719.9186780934143,560.754455474964,720
2023-11-01,HAUL-0058,72.37027772017466,73.81002532040344,349.83701894721685,130092.47,12,198.8252422041863,371.8659345757467,2.8177014224314494,136.3924461364295,384.3886840671317,719.6063724077475,520.7811302035611,720
2023-11-01,HAUL-0059,83.60211972961426,68.37609153259265,261.61293802412683,103741.41,15,118.12679086981274,396.5454108788481,4.431005113593002,190.4555040640221,411.7961254596082,720.3784203934431,602.2516295236303,720
2023-11-01,HAUL-0062,89.58679768000448,81.94174292855585,273.28720012683965,139173.42,4,74.9956374244763,509.25700118924715,6.9915912030974505,116.51223637215185,528.689766851043,720.1976406476712,645.2020032231949,720
2023-11-01,HAUL-0067,78.05511016379896,76.49572655916236,309.5502438531458,128918.01,16,158.01663093803813,416.46877222671543,1.097906579965996,132.1044857791299,429.9400552344382,720.0611719516062,562.044541013568,720
2023-11-01,HAUL-0070,83.92484240342066,75.59466287457867,283.25679954446025,124194.94,10,115.71749435057552,438.45351709026227,5.762347014785974,147.4412918738886,456.69415241919313,719.8529386436571,604.1354442930816,720
2023-11-01,HAUL-0076,80.09742672827377,65.1453213050541,276.0972661823215,101111.33,12,143.31993191053468,366.2163388942464,3.5662861902657808,201.03746952518887,375.7501442259033,720.1075456616268,576.7876137510921,720
2023-11-01,HAUL-0077,83.24091212641798,76.905592701468,278.35371075475416,124385.11,8,120.65199026839518,446.85989514108013,2.927066325002139,138.39734653820628,460.8704534499041,719.9197902565056,599.2677999881105,720
2023-11-01,HAUL-0090,88.9015247227002,77.3038054890411,348.69396456332066,166656.02,9,79.96730356351505,477.943517630734,4.8694550471379925,145.38225053712637,495.1755771944271,720.5251312950686,640.5578277315535,720
2023-11-01,HAUL-0091,87.81514114710764,80.81546478570134,438.1574434750898,216639.46,7,87.7425444248835,494.4329104209693,3.5160002177476315,121.31385600873344,511.03847702206906,720.094877455686,632.3523330308025,720
2023-11-01,HAUL-0092,88.36851316851063,73.23655575415687,451.62926817787576,199390.29,7,83.74713250160572,441.4910725437516,4.687211512201203,170.28416468475703,465.97237659058845,720.0036737769511,636.2565412753454,720
2023-11-01,HAUL-0110,88.51985827425057,84.10720732568129,192.08953562558418,100496.14,4,82.68139628448529,523.1734236470039,4.760730194896644,101.32146963272456,536.2094647288031,720.212330646013,637.5309343615277,720
2023-11-01,HAUL-0111,85.68455537244522,72.1750848926976,262.1676342784266,113496.2,8,103.0959224730808,432.91461324880805,3.9757684779740714,171.70108634847722,445.37567987466844,720.1726886962265,617.0767662231457,720
2023-11-01,HAUL-0112,88.93075657464928,71.3797771207745,278.42661320160704,121674.03,4,79.6979406018264,437.0057466880745,7.582948569437223,183.2542939787175,457.04223603795094,719.9944706184949,640.2965300166685,720
2023-11-01,HAUL-0125,74.08375349596687,73.61231894764087,401.6892970899329,152948.43,3,186.55755254437992,380.7630203444452,3.5843789045177905,140.72295222905308,392.56738105118865,719.8478858246217,533.2903332802418,720
2023-11-01,HAUL-0126,85.22067848345391,76.44626988081151,620.4695202332838,278697.58,8,106.37332588179923,449.17207197416474,4.392989060327161,144.47174656305327,468.89923897505787,719.7443114199104,613.3709855381112,720
2023-11-01,HAUL-0127,92.47641201731892,72.79292498519176,567.54970527184,264701,10,54.164922444999064,466.3926305330664,3.951907127850512,181.1364895772496,484.6333128681097,719.9347248903583,665.7698024453592,720
2023-11-01,HAUL-0128,84.16428859374096,73.65505212088893,222.1122951420644,96961.37,2,114.04628704026888,436.5421100978805,2.970337731218422,159.68670981626965,446.45117494639237,720.1841718029309,606.137884762662,720
2023-11-01,HAUL-0132,93.16093755323803,84.12417275598983,628.259972401615,342867.08,1,49.22237945500132,545.7407682513034,8.220723459268742,106.44769206316613,564.0540111052662,719.7240826234338,670.5017031684324,720
2023-11-01,HAUL-0133,91.95367138741724,75.38838053193726,397.3439984737828,189699.39,13,57.9247791364091,477.4185358999869,4.419715573355869,162.9205571961555,499.04546014605666,719.8907964786213,661.9660173422121,720
2023-11-01,HAUL-0136,86.11753461817202,83.04494039446088,560.8422210229471,283060.16,2,99.96056310538525,504.70551144261736,4.815441447880795,105.13637623254814,514.952132322153,720.0490716600865,620.0885085547012,720
2023-11-01,HAUL-0138,87.58775561704445,82.46987637781193,635.5967466311147,321450.49,7,89.37197268464307,505.74596503805304,4.491683925317733,110.55525815982749,520.1034898474966,720.0307206919672,630.6587480073241,720
2023-11-01,HAUL-0140,82.47747715796035,80.11192983036848,620.411066847253,287871.88,8,126.20100773117325,464.00184552296986,4.7046958680604645,118.13924737367248,475.8814211277261,720.2216762325718,594.0206685013985,720
2023-11-01,HAUL-0145,87.59948325858413,82.4000628762066,602.8251461634762,305615.14,8,89.24596277401608,506.9714525762703,3.727367267048153,110.95872471694143,519.4908270995594,719.695514590517,630.4495518165008,720
2023-11-01,HAUL-0146,73.0212529694928,81.69802812602208,665.7325348447105,277802.5,11,194.25085622006256,417.28845363521333,2.667344103762042,96.22509092745804,429.53842564898605,720.0143727965067,525.7635165764441,720
2023-11-01,HAUL-0147,86.05813257342255,82.25066518816634,547.1844641011361,270748.13,5,100.3624625469719,494.8022975117906,4.456470856212279,109.95737405838109,509.5440057064054,719.8638423117584,619.5013797647865,720
2023-12-01,HAUL-0057,83.19212549084037,79.6744015179934,298.42817213862014,140941.73,9,125.06529677620999,472.2802441538008,9.019618519495454,125.81997182004599,493.20225245260843,744.0875210488645,619.0222242726545,744
2023-12-01,HAUL-0058,89.67877352611123,80.27994516948495,314.65856573527736,160691.27,9,76.78901300335102,510.68455620937954,7.458098559044139,131.5726300474009,535.6295211545513,743.9911642053032,667.2021512019522,744
2023-12-01,HAUL-0059,62.57741145539869,62.68460717736498,424.9511775708741,120295.88,11,278.30372152332,283.08164878525804,3.388874711452528,173.65640312737472,291.7183122153968,743.6784368660915,465.3747153427715,744
2023-12-01,HAUL-0062,84.406460391075,77.54315345468794,334.1034672184767,156020.62,9,116.0156864695567,466.98294183811964,8.669545473262504,141.02511614592956,486.9576055660332,743.9984081815195,627.9827217119628,744
2023-12-01,HAUL-0067,82.47546731868927,78.97173812487853,279.0296505036368,130040.61,17,130.42478247562616,466.04584769139115,3.825384413100317,129.07491189479205,484.74144944461386,744.2411438150322,613.8163613394061,744
2023-12-01,HAUL-0070,78.9688114941726,78.4856995859759,277.3198706810931,123252.96,6,156.47502066958663,444.44330547714713,8.170008536357622,126.40493565935881,461.13420447908453,744.0141608080299,587.5391401384434,744
2023-12-01,HAUL-0076,85.6439569269194,72.19828328898927,251.87592126732363,112660.18,3,106.88660535247865,447.2844384375682,9.281698453261743,177.27882713766334,460.3754191105656,744.5408516007076,637.6542462482289,744
2023-12-01,HAUL-0077,82.74013233829137,79.20610623295494,313.62219729456785,145901.89,9,128.46928102093264,465.2154447568088,9.11687361576876,128.06010813185574,487.79428434758495,744.3236735003733,615.8543924794407,744
2023-12-01,HAUL-0090,84.35650890814836,78.64981173593665,425.6562488847454,202820.43,12,116.41283651827067,476.48878768115424,5.679234549004138,134.02551950878993,493.7231347472559,744.1614907743165,627.7486542560458,744
2023-12-01,HAUL-0091,79.73410886088527,78.45238693438709,487.6854127515207,217247.55,7,150.70939483878286,445.4665739831944,6.716414919542352,127.76677521486454,465.1841694016561,743.6603394553035,592.9509446165207,744
2023-12-01,HAUL-0092,88.01101080629901,78.7116261888973,437.3852151105165,211016.93,8,89.22845029283005,482.4509899052742,8.41877109178463,139.44414314615025,515.5807280980065,744.2533215369868,655.0248712441568,744
2023-12-01,HAUL-0110,93.97011328531946,76.80234298787222,208.55262560099217,108555.88,4,44.85355868011291,520.5203228066363,6.453703676916341,162.15174473210675,536.8487821199519,743.8540855321716,699.0005268520587,744
2023-12-01,HAUL-0111,87.4022066917633,78.2104452636895,286.4937738345223,140565.25,9,93.73474752946179,490.63980734600517,8.073158578526991,141.70229648315322,508.61983353732853,744.0568775499435,650.3221300204817,744
2023-12-01,HAUL-0112,68.56750795940071,73.23862161026855,433.26549246400185,154812.94,7,233.91467536018396,357.3165707695097,7.408137647078753,136.5543374927874,373.71212002714464,744.1811328801159,510.2664575199319,744
2023-12-01,HAUL-0125,79.96800064774867,72.63110925399268,344.01114626645233,143805.62,7,149.13261949079106,418.02604816942755,6.282989168504544,162.9377754288352,432.4015714995939,744.4719664192203,595.3393469284292,744
2023-12-01,HAUL-0126,92.14295070675095,79.56853872877677,582.3519929632907,306307.84,12,58.50132349757276,525.9840160267272,10.253833166295399,140.17409406465768,545.8957479494642,744.5711655116946,686.0698420141218,744
2023-12-01,HAUL-0127,90.03118565119927,77.95111294582262,596.5886921311269,296154.84,9,74.16199400991118,496.4137669825409,8.307006710326597,147.67858840931058,522.0993829070753,743.939965326297,669.7779713163859,744
2023-12-01,HAUL-0128,80.94883133021298,73.34932122433197,605.60403966644,258315.02,14,141.73254733996856,426.54111115618883,6.624308139140673,160.49696655305794,441.7277193697303,743.9572332627569,602.2246859227882,744
2023-12-01,HAUL-0132,93.01023317769348,76.29308128701867,571.7561011365517,291523.9,2,52.014953188632006,509.8745766254199,6.5887679159216,164.0859393934557,528.0577397579235,744.1586323400113,692.1436791513793,744
2023-12-01,HAUL-0133,93.57410572954818,76.26833011752132,369.5544076035924,189847.13,11,47.823910526574146,513.7190251121078,7.5130955335598,165.2705580258207,531.1429638386544,744.2374323910493,696.4135218644751,744
2023-12-01,HAUL-0136,93.42944438033375,73.64234501555791,530.9674687938855,265166.4,10,48.91371780783602,499.4023468186035,9.788725047268922,183.32391054583576,512.2004471940496,744.4380755477214,695.5243577398853,744
2023-12-01,HAUL-0138,84.36615492420937,72.71184918807418,691.8546892243941,301002.15,5,116.2974777771165,435.06556317113274,10.43311831955063,171.25641747165474,456.3288617654054,743.8827570141766,627.5852792370601,744
2023-12-01,HAUL-0140,86.97395873407741,71.07103231010448,561.0859735952479,251242.31,10,96.9499546996533,447.77863255095264,5.270994859508593,187.26531060449602,460.0626985104134,744.2779638145627,647.3280091149094,744
2023-12-01,HAUL-0145,75.16525206707983,75.34217930802653,499.87683259255385,201801.43,7,184.71978900916417,403.70230593280354,7.473789539413317,137.85593742973396,421.2199807214931,743.7957071603912,559.075918151227,744
2023-12-01,HAUL-0146,78.16930221244371,73.13830580435881,661.9148024856424,271699.82,6,162.46217673496113,410.4755158514429,9.591087651614243,156.26232652586944,425.4669024191386,744.1914056799692,581.7292289450081,744
2023-12-01,HAUL-0147,85.32088601172414,75.7662305329212,554.6324024117171,259343.3,14,109.19033278628183,467.5949311152636,7.728800643537966,153.80153700620656,480.8563820399559,743.8482518324444,634.6579190461625,744
