unidade,data,DF_plan,UF_plan,produtividade_plan,num_viagens_plan,carga_media_plan,producao_plan,meta_tempo_carregamento,meta_tempo_basculo,meta_tempo_manobra,meta_tempo_fila_carga,meta_tempo_fila_basculo,meta_dmt,meta_vel_global,meta_vel_cheio,meta_vel_vazio,HC_plan,HM_plan,HT_plan,HAO_plan,HO_plan,id_equipamento
Mina C,2021-01-01,73.58,79.76,421.81,41216.39,242.04,9982332.32,3.19,0.65,0.95,2,0.39,5,23.32,20.22,27.41,1434.4,380.59,843.08,1.09,217.34,TR-IT-001
Mina C,2021-01-02,73.83,79.79,384.19,41373.55,243.26,9963323.36,3.19,0.65,0.95,2.01,0.39,5.64,23.37,20.28,27.34,1443.81,378.39,846.91,1.1,217.44,TR-IT-001
Mina C,2021-01-03,73.77,79.65,381.63,41125.21,242.88,9974782.57,3.18,0.65,0.95,2.01,0.39,5.67,23.18,20.27,27.31,1447.04,380.19,843.77,1.1,216.31,TR-IT-001
Mina C,2021-01-04,73.53,79.74,417.01,41063.64,241.47,10001206.33,3.18,0.65,0.95,2.01,0.39,5.06,23.15,20.27,27.38,1439.76,381.38,844.49,1.1,217.77,TR-IT-001
Mina C,2021-01-05,73.72,79.8,396.88,41164.11,241.92,9998644.09,3.2,0.65,0.95,2,0.39,5.36,23.22,20.19,27.35,1433.33,378.11,845.49,1.1,216.63,TR-IT-001
Mina C,2021-01-06,73.77,75.07,433.83,41104.35,243.31,9984851.79,3.18,0.65,0.95,2,0.39,4.82,23.23,20.26,27.19,1439.85,379.04,795.41,1.1,262.16,TR-IT-001
Mina C,2021-01-07,73.72,79.72,370.56,41331.48,242.53,9980664.37,3.18,0.65,0.95,2,0.39,5.92,23.32,20.17,27.23,1436.46,378.37,847.1,1.1,217.39,TR-IT-001
Mina C,2021-01-08,73.45,76.33,399.12,41386.33,241.34,10044076.39,3.19,0.65,0.95,2.01,0.39,5.54,23.15,20.28,27.15,1397.61,366.68,775.21,1.1,246.77,TR-IT-001
Mina C,2021-01-09,73.85,76.12,392.91,41061.97,241.94,10027738.36,3.19,0.65,0.95,2,0.39,5.62,23.22,20.16,27.33,1386.88,368.99,776.77,1.1,244.84,TR-IT-001
Mina C,2021-01-10,73.98,76.07,394.76,41157.91,242.38,10008465.38,3.18,0.65,0.95,1.99,0.39,5.59,23.25,20.32,27.18,1397.68,365.72,781.45,1.1,246.17,TR-IT-001
Mina C,2021-01-11,73.27,76.29,423.06,41325.88,242.48,9972127.93,3.18,0.65,0.95,2,0.39,5.13,23.3,20.32,27.27,1385.21,367.8,780.45,1.1,246.4,TR-IT-001
Mina C,2021-01-12,73.87,76.08,373.82,41397.85,242.23,10010207.74,3.2,0.65,0.95,2.01,0.39,6.04,23.36,20.22,27.15,1396.46,366.54,776.37,1.1,245.02,TR-IT-001
Mina C,2021-01-13,73.7,75.75,376.69,41110.39,241.95,10024375.36,3.18,0.65,0.95,1.99,0.39,5.92,23.21,20.24,27.37,1390.64,367.77,779.05,1.1,245.55,TR-IT-001
Mina C,2021-01-14,73.67,76.04,368.11,41279.78,243.34,9969657.4,3.2,0.65,0.95,2.01,0.39,6.18,23.31,20.23,27.27,1392.48,368.44,781.38,1.1,245.82,TR-IT-001
Mina C,2021-01-15,73.84,75.65,388.43,41403.1,241.79,9964946.71,3.2,0.65,0.95,1.99,0.39,5.56,23.15,20.18,27.18,1439.31,380.97,807.47,1.1,253.44,TR-IT-001
Mina C,2021-01-16,73.42,75.71,421.13,41146.23,242.6,10012795.14,3.2,0.65,0.95,2,0.39,4.97,23.33,20.19,27.22,1436.79,380.78,805.85,1.1,254.86,TR-IT-001
Mina C,2021-01-17,73.6,76.28,417.09,41134.6,242.54,9951868.53,3.2,0.65,0.95,2,0.39,5.02,23.16,20.3,27.24,1436.72,378.65,802.72,1.1,255.09,TR-IT-001
Mina C,2021-01-18,73.87,76.03,386.73,41264.22,241.7,10008370.28,3.17,0.65,0.95,2.01,0.39,5.52,23.22,20.31,27.24,1433.84,380.66,804.11,1.1,255.13,TR-IT-001
Mina C,2021-01-19,73.94,75.97,350.08,41198.99,242.6,10032183.74,3.2,0.65,0.95,2,0.39,6.36,23.18,20.23,27.24,1445.38,378.54,808.83,1.1,254.49,TR-IT-001
Mina C,2021-01-20,73.63,76.3,367.93,41137.1,242.85,9975799.17,3.18,0.65,0.95,2,0.39,5.9,23.36,20.13,27.27,1433.17,381.48,805.04,1.1,255,TR-IT-001
Mina C,2021-01-21,73.33,76.19,393.07,41215.11,242.36,9974234.35,3.19,0.65,0.95,2.01,0.39,5.45,23.2,20.15,27.37,1439.52,380.63,803.79,1.1,255.31,TR-IT-001
Mina C,2021-01-22,73.96,75.84,412.3,41161.98,243.48,10001872.49,3.19,0.65,0.95,1.99,0.39,5.13,23.31,20.13,27.17,1391.91,367.79,776.99,1.1,245.62,TR-IT-001
Mina C,2021-01-23,73.54,76.07,476.44,41275.49,242.71,9989402.52,3.2,0.65,0.95,2,0.39,4.19,23.34,20.15,27.21,1396.4,367.6,782.5,1.1,245.06,TR-IT-001
Mina C,2021-01-24,73.45,76.1,468.03,41234.88,243.37,10039514.7,3.17,0.65,0.95,2,0.39,4.35,23.26,20.18,27.18,1397.77,367.13,777.71,1.1,245.89,TR-IT-001
Mina C,2021-01-25,73.67,75.75,385.46,41272.04,242.21,10011504.77,3.2,0.65,0.95,2.01,0.39,5.62,23.35,20.13,27.21,1392.89,366.61,776.58,1.1,245.49,TR-IT-001
Mina C,2021-01-26,73.92,75.67,396.36,41176.4,241.75,9998121.61,3.18,0.65,0.95,2,0.39,5.41,23.17,20.33,27.17,1390.27,368.59,780.59,1.1,244.84,TR-IT-001
Mina C,2021-01-27,73.94,75.99,359.02,41369.21,243.2,9955880.06,3.19,0.65,0.95,2,0.39,6.14,23.16,20.16,27.24,1396.25,366.89,776.23,1.11,244.79,TR-IT-001
Mina C,2021-01-28,73.9,75.93,382.18,41289.64,242.83,10007823.3,3.18,0.65,0.95,1.99,0.39,5.66,23.2,20.32,27.34,1397.43,366.37,781.93,1.1,246.55,TR-IT-001
Mina C,2021-01-29,73.95,79.18,428.54,41117.8,242.73,9965369.02,3.19,0.65,0.95,2,0.39,4.99,23.24,20.14,27.36,1434.75,380.37,844.31,1.1,216.53,TR-IT-001
Mina C,2021-01-30,73.85,79.68,397.49,41397.67,242.52,9958292.34,3.2,0.65,0.95,2,0.39,5.48,23.27,20.32,27.26,1445.8,380.24,840.09,1.11,217.46,TR-IT-001
Mina C,2021-01-31,73.28,79.29,399.64,41403.41,241.58,9991215.5,3.19,0.65,0.95,2,0.39,5.48,23.17,20.3,27.31,1433.44,381.6,840.48,1.1,216.68,TR-IT-001
Mina C,2021-02-01,73.95,79.02,376.35,38218.7,242.6,9188952.63,3.09,0.51,0.97,2,0.51,5.93,22.29,19.35,26.69,1436.01,379.79,842.08,1.1,222.71,TR-IT-001
Mina C,2021-02-02,73.95,78.85,371.15,38072.63,243.55,9272256.61,3.11,0.51,0.97,1.99,0.51,5.98,22.39,19.33,26.7,1441.99,380.49,836.85,1.1,220.81,TR-IT-001
Mina C,2021-02-03,73.92,79.26,363.1,38054.58,243.48,9237176.64,3.11,0.51,0.97,2,0.51,6.16,22.38,19.35,26.61,1437.22,378.92,837.97,1.1,222.35,TR-IT-001
Mina C,2021-02-04,73.66,78.99,358.68,38181.01,243.08,9263713.91,3.1,0.51,0.97,2,0.51,6.24,22.39,19.19,26.51,1434.05,379.35,837.85,1.1,221.33,TR-IT-001
Mina C,2021-02-05,73.19,78.98,381.57,38193.64,242.55,9251070.41,3.09,0.51,0.97,2,0.51,5.44,22.26,19.22,26.71,1443.63,382.46,831.25,1.1,223.3,TR-IT-001
Mina C,2021-02-06,73.79,79.21,391.66,37928.48,242.17,9270330.98,3.09,0.51,0.97,2,0.51,5.21,22.35,19.18,26.67,1445.81,381.79,831.94,1.11,224.15,TR-IT-001
Mina C,2021-02-07,73.28,78.58,397.91,37915.13,241.67,9194613.72,3.1,0.51,0.97,2,0.51,5.13,22.3,19.33,26.63,1434.38,382.63,832.32,1.1,223.92,TR-IT-001
Mina C,2021-02-08,73.79,78.6,350.54,38188.14,243.08,9255341.05,3.09,0.51,0.97,2,0.51,6,22.34,19.2,26.52,1440.88,383.63,832.87,1.1,222.71,TR-IT-001
Mina C,2021-02-09,73.43,78.66,379.83,37999.97,242.43,9218428.76,3.09,0.51,0.97,2,0.51,5.47,22.3,19.32,26.65,1444.22,382.56,833.83,1.1,224.25,TR-IT-001
Mina C,2021-02-10,73.23,78.84,372.62,38021.05,243.44,9234869.94,3.09,0.51,0.97,2,0.51,5.58,22.4,19.26,26.53,1433.95,380.79,833.19,1.1,223.14,TR-IT-001
Mina C,2021-02-11,73.72,78.78,355.09,38084.78,242.3,9231125.45,3.09,0.51,0.97,2,0.51,5.97,22.31,19.22,26.55,1435.33,380.43,833.89,1.11,222.67,TR-IT-001
Mina C,2021-02-12,73.33,78.88,466.92,38063.21,242.54,9247494.51,3.09,0.51,0.97,2,0.51,4.16,22.3,19.18,26.65,1434.61,381.36,830.22,1.1,221.97,TR-IT-001
Mina C,2021-02-13,73.81,78.7,451.95,37914.15,241.16,9217081.8,3.09,0.51,0.97,2.01,0.51,4.36,22.4,19.32,26.69,1447.11,380.34,833.4,1.1,223.55,TR-IT-001
Mina C,2021-02-14,73.2,78.85,419.69,38159.26,243.06,9213322.58,3.11,0.51,0.97,2,0.51,4.88,22.35,19.33,26.65,1442.04,382.73,835.84,1.1,222.66,TR-IT-001
Mina C,2021-02-15,73.69,78.87,342.38,37917.51,243.18,9250495.23,3.1,0.51,0.97,2,0.51,6.23,22.44,19.21,26.52,1436.83,381.93,832.4,1.1,222.16,TR-IT-001
Mina C,2021-02-16,73.75,78.52,317.37,38100.96,243.21,9188948.38,3.1,0.51,0.97,2.01,0.51,6.88,22.44,19.21,26.5,1437.14,380.43,834.03,1.1,223.12,TR-IT-001
Mina C,2021-02-17,73.11,78.65,338.81,38190.22,242.87,9228489.65,3.1,0.51,0.97,2.01,0.51,6.3,22.28,19.25,26.6,1438.98,381.73,834.64,1.1,223.48,TR-IT-001
Mina C,2021-02-18,73.14,78.96,348.14,38118.47,241.62,9197465.34,3.1,0.51,0.97,1.99,0.51,6.15,22.38,19.33,26.51,1435.38,381.57,836.66,1.09,223.2,TR-IT-001
Mina C,2021-02-19,73.63,79.03,389.13,38218.48,242.18,9213315.42,3.09,0.51,0.97,1.99,0.51,5.3,22.35,19.2,26.49,1446.97,381.55,832.61,1.1,222.15,TR-IT-001
Mina C,2021-02-20,73.5,78.72,369.53,38111.71,242.76,9205605.47,3.09,0.51,0.97,2,0.51,5.68,22.28,19.19,26.59,1444.28,383.17,834.29,1.1,223.57,TR-IT-001
Mina C,2021-02-21,73.59,78.9,382.04,38151.3,241.76,9274709.95,3.11,0.51,0.97,2,0.51,5.46,22.3,19.18,26.59,1435.9,381.79,835.78,1.1,223.76,TR-IT-001
Mina C,2021-02-22,73.16,78.75,411.59,37933.79,243.24,9271134.2,3.09,0.51,0.97,2.01,0.51,4.93,22.28,19.31,26.53,1434.73,380.94,831.17,1.1,222.27,TR-IT-001
Mina C,2021-02-23,73.49,78.71,382.32,37917.2,243.44,9203489.49,3.11,0.51,0.97,2.01,0.51,5.43,22.27,19.2,26.61,1436.95,381.54,836.58,1.1,222.38,TR-IT-001
Mina C,2021-02-24,73.37,78.7,373.78,38257.64,242.11,9262554.37,3.09,0.51,0.97,2.01,0.51,5.57,22.42,19.31,26.44,1436.78,382.41,830.75,1.09,224.07,TR-IT-001
Mina C,2021-02-25,73.24,79.22,393.18,38126.63,243.28,9190367.95,3.09,0.51,0.97,2.01,0.51,5.26,22.33,19.17,26.7,1442.24,381.65,835.76,1.1,222.93,TR-IT-001
Mina C,2021-02-26,73.36,78.67,404.24,38010.81,242.31,9202158.93,3.1,0.51,0.97,2,0.51,5.11,22.38,19.21,26.64,1435.64,381.74,836.27,1.1,222.78,TR-IT-001
Mina C,2021-02-27,73.38,79,393.3,38213.23,243.15,9245857.48,3.1,0.51,0.97,2,0.51,5.24,22.31,19.24,26.57,1439.8,383.17,830.68,1.1,224.27,TR-IT-001
Mina C,2021-02-28,73.74,78.83,396.44,38011.78,241.7,9250171.89,3.11,0.51,0.97,2,0.51,5.18,22.26,19.28,26.51,1446.27,383.27,832.79,1.1,222.37,TR-IT-001
Mina C,2021-03-01,73.66,78.9,383.69,41566.82,241.31,10105785.06,3.11,0.51,0.97,2,0.51,5.44,22.1,19.24,25.9,1441.36,380.92,836.43,1.1,223.66,TR-IT-001
Mina C,2021-03-02,73.12,79.28,361.36,41604.11,242.33,10042222.89,3.09,0.51,0.97,2,0.51,5.89,22.21,19.3,25.78,1442.02,383.9,837.05,1.1,222.95,TR-IT-001
Mina C,2021-03-03,73.49,79.19,380.27,41485.98,243.04,10033839.37,3.11,0.51,0.97,2.01,0.51,5.53,22.07,19.39,25.95,1446.36,383.12,838.85,1.1,224.15,TR-IT-001
Mina C,2021-03-04,73.16,79.19,379.03,41521.41,242.01,10027888.15,3.08,0.51,0.97,1.99,0.51,5.51,22.2,19.29,26.01,1444.34,380.91,837.04,1.1,222.71,TR-IT-001
Mina C,2021-03-05,74.27,79.82,411.33,41743.23,242.33,10117047.64,3.09,0.51,0.97,2,0.51,5,22.11,19.29,25.91,1444.39,367.68,852.16,1.09,218.69,TR-IT-001
Mina C,2021-03-06,73.98,79.52,381.83,41573.94,242.78,10046062.54,3.1,0.51,0.97,2,0.51,5.52,22.08,19.29,25.9,1445,378.54,848.24,1.11,216.8,TR-IT-001
Mina C,2021-03-07,74.19,79.55,367.69,41436.99,241.26,10092274.04,3.09,0.51,0.97,2.01,0.51,5.73,22.1,19.4,25.95,1433.64,366.12,855.42,1.1,218.96,TR-IT-001
Mina C,2021-03-08,70.73,79.9,385.24,41567.95,241.92,10101714.38,3.12,0.51,0.97,2,0.51,5.45,22.15,19.39,25.92,1469.65,422.37,829.39,1.1,212.59,TR-IT-001
Mina C,2021-03-09,73.54,79.4,381.38,41578.63,241.87,10059179.53,3.1,0.51,0.97,2,0.51,5.48,22.16,19.35,25.94,1462.91,390.03,858.11,1.1,220.3,TR-IT-001
Mina C,2021-03-10,73.07,79.64,378.55,41743.71,243.16,10114507.66,3.09,0.51,0.97,1.99,0.51,5.55,22.04,19.39,25.83,1464.03,392.74,851.17,1.1,220.31,TR-IT-001
Mina C,2021-03-11,73.94,79.39,398.02,41647.58,242.93,10117675.02,3.09,0.51,0.97,2.01,0.51,5.23,22.06,19.38,25.97,1464.75,378.43,861.66,1.1,222.75,TR-IT-001
Mina C,2021-03-12,73.41,79.16,372.07,41356.62,242.42,10046045.83,3.11,0.51,0.97,2,0.51,5.51,22.16,19.31,25.97,1467.96,382.59,857.69,1.1,221.74,TR-IT-001
Mina C,2021-03-13,73.86,79.22,394.47,41558.77,241.41,10024341.62,3.09,0.51,0.97,2,0.51,5.1,22.14,19.32,25.89,1466.61,386.1,857.22,1.1,220.94,TR-IT-001
Mina C,2021-03-14,73.44,79.64,403.69,41630.94,241.47,10055964.55,3.11,0.51,0.97,2,0.51,4.98,22.15,19.28,25.87,1461.75,384.44,859.8,1.1,221.73,TR-IT-001
Mina C,2021-03-15,75.35,79.31,374.08,41342.79,242.44,10055260.63,3.09,0.51,0.97,2.01,0.51,5.41,22.07,19.24,25.88,1466.23,367.03,876.98,1.1,224.4,TR-IT-001
Mina C,2021-03-16,74.7,79.81,361.66,41354.27,242.34,10039963.71,3.09,0.51,0.97,2.01,0.51,5.75,22.17,19.22,25.86,1461.01,367.14,876.16,1.1,225.1,TR-IT-001
Mina C,2021-03-17,74.98,79.51,385.89,41534.47,242.44,10056546.74,3.1,0.51,0.97,2.01,0.51,5.3,22.18,19.23,25.84,1463.52,365.31,869.7,1.1,226.32,TR-IT-001
Mina C,2021-03-18,74.99,79.64,369.44,41383.69,241.62,10104202.88,3.09,0.51,0.97,2,0.51,5.52,22.15,19.26,25.8,1463.25,364.77,871.38,1.1,225.31,TR-IT-001
Mina C,2021-03-19,74.86,79.81,377.62,41688.61,241.54,10072318.61,3.11,0.51,0.97,2,0.51,5.42,22.03,19.3,25.95,1464.45,367.51,868.73,1.11,226.48,TR-IT-001
Mina C,2021-03-20,75.17,79.17,395.53,41752.38,242.95,10051411.91,3.11,0.51,0.97,2,0.51,5.13,22.18,19.31,25.86,1470.44,366.68,875.59,1.1,225.61,TR-IT-001
Mina C,2021-03-21,75.39,79.44,413.11,41450.74,243.04,10039597.46,3.09,0.51,0.97,1.99,0.51,4.78,22.22,19.28,25.98,1464.04,365.66,876.89,1.1,225.17,TR-IT-001
Mina C,2021-03-22,76.34,79.46,409.46,41503.4,243.23,10052114.95,3.1,0.51,0.97,2,0.51,4.85,22.21,19.39,25.91,1468.38,345.43,890.34,1.1,229.28,TR-IT-001
Mina C,2021-03-23,76.23,79.61,341.05,41396.19,241.63,10038590.59,3.1,0.51,0.97,1.99,0.51,6.18,22.05,19.29,26,1465.42,346.6,890.18,1.1,229.25,TR-IT-001
Mina C,2021-03-24,76.65,79.17,394.67,41492.09,243.07,10049156.98,3.11,0.51,0.97,2,0.51,5.1,22.22,19.22,25.86,1469.33,345.82,891.17,1.1,228.58,TR-IT-001
Mina C,2021-03-25,76.43,79.83,368.7,41588.08,241.28,10054629.6,3.09,0.51,0.97,2,0.51,5.57,22.22,19.33,25.9,1458.9,345.81,887.41,1.1,229.41,TR-IT-001
Mina C,2021-03-26,76.2,79.07,388.76,41727.93,242.89,10061033.06,3.11,0.51,0.97,2,0.51,5.25,22.05,19.25,25.88,1471.18,347.01,884.96,1.09,228.55,TR-IT-001
Mina C,2021-03-27,76.08,79.38,374.78,41445.43,243.08,10101224.39,3.09,0.51,0.97,1.99,0.51,5.47,22.17,19.29,25.82,1462.68,347.55,885.99,1.1,228.54,TR-IT-001
Mina C,2021-03-28,76.67,79.76,399.62,41753.05,241.46,10066196.78,3.09,0.51,0.97,2,0.51,5.06,22.1,19.36,25.82,1460.95,347.14,888.28,1.1,229.8,TR-IT-001
Mina C,2021-03-29,76.55,79.8,414.54,41396.73,242.23,10035826.94,3.1,0.51,0.97,2.01,0.51,4.79,22.06,19.28,25.84,1461.05,347.57,889.68,1.1,230.07,TR-IT-001
Mina C,2021-03-30,76.6,79.41,390.98,41579.8,243.19,10043211.71,3.09,0.51,0.97,2,0.51,5.2,22.19,19.38,25.97,1485.51,346.82,901.51,1.1,234.02,TR-IT-001
Mina C,2021-03-31,76.53,79.6,421.06,41569.91,241.88,10035428.04,3.09,0.51,0.97,2,0.51,4.67,22.06,19.38,25.79,1482.81,347.8,906.53,1.1,233.95,TR-IT-001
Mina C,2021-04-01,78.48,79.83,425.17,53562.12,241.7,12892017.1,3.1,0.51,0.97,2,0.51,4.61,23.18,19.95,27.37,1483.28,316.44,933.36,1.1,240.14,TR-IT-001
Mina C,2021-04-02,79.65,86.55,424.42,53623.44,241.23,12890954.32,3.09,0.51,0.97,2.01,0.51,4.8,23.09,19.83,27.55,1446.5,296.42,988.24,1.1,154.5,TR-IT-001
Mina C,2021-04-03,79.86,86.35,435.85,53207.48,241.85,12961813.31,3.09,0.51,0.97,1.99,0.51,4.61,23.11,19.87,27.49,1436.42,294.42,990.23,1.1,153.69,TR-IT-001
Mina C,2021-04-04,79.53,86.69,458.34,53335.91,241.52,13012882.27,3.1,0.51,0.97,2,0.51,4.34,23.01,19.83,27.48,1444.87,294.81,991.5,1.11,154.14,TR-IT-001
Mina C,2021-04-05,79.3,86.53,409.05,53559.3,243.51,12926620.68,3.11,0.51,0.97,2,0.51,5.02,23.12,19.95,27.34,1438,294.7,988.66,1.1,154.79,TR-IT-001
Mina C,2021-04-06,79.83,86.13,430.96,53334.36,241.86,12989783.19,3.11,0.51,0.97,1.99,0.51,4.73,22.96,19.93,27.52,1442.08,295.18,987.41,1.1,153.9,TR-IT-001
Mina C,2021-04-07,79.6,86.62,417.81,53203.04,242.02,13000138.79,3.1,0.51,0.97,2,0.51,4.91,23.04,19.8,27.38,1442.67,294.43,990.97,1.1,153.9,TR-IT-001
Mina C,2021-04-08,79.7,86.14,407.19,53351.58,241.55,12998407.68,3.11,0.51,0.97,2.01,0.51,5.1,23.17,19.84,27.36,1435.81,294.62,995.47,1.1,154.02,TR-IT-001
Mina C,2021-04-09,79.05,86.81,392.36,53286.02,242.6,12955633.61,3.11,0.51,0.97,2,0.51,5.32,22.97,19.79,27.52,1446.51,304.31,984.53,1.1,152.79,TR-IT-001
Mina C,2021-04-10,79,86.95,398.32,53525.24,242.16,12926430.31,3.09,0.51,0.97,2,0.51,5.23,23.14,19.88,27.28,1441.11,305.15,986.53,1.1,152.64,TR-IT-001
Mina C,2021-04-11,78.69,86.71,397.07,53240.09,243.16,13013283.67,3.11,0.51,0.97,2.01,0.51,5.25,23,19.8,27.33,1443.15,305.01,987.57,1.1,153.14,TR-IT-001
Mina C,2021-04-12,78.68,86.53,407.07,53615.39,242.9,12925871.76,3.1,0.51,0.97,2,0.51,5.08,22.99,19.88,27.54,1438.27,305.89,984.86,1.1,153.15,TR-IT-001
Mina C,2021-04-13,78.46,86.9,410.29,53181.79,243.38,13003476.97,3.09,0.51,0.97,2,0.51,5.02,23.04,19.8,27.28,1448.02,304.79,980.51,1.1,152.64,TR-IT-001
Mina C,2021-04-14,79.15,86.84,384.51,53284.25,241.39,12998358.26,3.09,0.51,0.97,2,0.51,5.43,23.15,19.93,27.28,1435.98,306.38,984.24,1.1,153.26,TR-IT-001
Mina C,2021-04-15,78.58,86.39,385.14,53358.81,242.03,13012548.08,3.1,0.51,0.97,2,0.51,5.44,23.11,19.84,27.54,1444.37,309.05,983.56,1.1,152.21,TR-IT-001
Mina C,2021-04-16,78.61,86.64,412.16,53473.43,242.52,12894537.26,3.09,0.51,0.97,1.99,0.51,4.95,23.16,19.98,27.41,1465.17,310.66,1000.28,1.1,156.06,TR-IT-001
Mina C,2021-04-17,78.7,86.14,392.35,53403.33,241.75,12937221.31,3.11,0.51,0.97,1.99,0.51,5.33,23.03,19.86,27.4,1471.09,308.91,1001.56,1.1,155.41,TR-IT-001
Mina C,2021-04-18,78.76,86.54,395.52,53376.19,241.83,12996642.57,3.1,0.51,0.97,2.01,0.51,5.24,23.06,19.93,27.29,1461.27,309.22,1003.08,1.1,155.18,TR-IT-001
Mina C,2021-04-19,78.56,86.78,445.12,53425.63,242.39,12959821.33,3.11,0.51,0.97,1.99,0.51,4.46,23.11,19.95,27.38,1462.34,308.82,999.29,1.1,154.83,TR-IT-001
Mina C,2021-04-20,78.93,86.46,431.38,53230.04,241.69,12946580.45,3.09,0.51,0.97,2,0.51,4.68,23.06,19.95,27.52,1468.03,311.51,996.76,1.1,155.07,TR-IT-001
Mina C,2021-04-21,78.85,86.67,458.45,53670.93,242.68,12958705.23,3.09,0.51,0.97,2.01,0.51,4.37,23.01,19.83,27.3,1468.23,311.67,997.61,1.1,155.13,TR-IT-001
Mina C,2021-04-22,78.58,86.14,417.91,53452.8,241.92,12885338.43,3.11,0.51,0.97,1.99,0.51,4.9,23.08,19.97,27.43,1464.45,309.71,999.25,1.1,154.76,TR-IT-001
Mina C,2021-04-23,78.95,86.43,414.15,53414.88,243.49,13009402.72,3.1,0.51,0.97,1.99,0.51,4.95,23.05,19.95,27.41,1349.49,284.07,915.84,1.1,142.93,TR-IT-001
Mina C,2021-04-24,78.94,86.49,424.03,53485.01,241.3,12973655.59,3.11,0.51,0.97,1.99,0.51,4.81,22.96,19.89,27.35,1343.89,284.15,918.66,1.1,142.48,TR-IT-001
Mina C,2021-04-25,78.77,86.4,421.39,53522.42,241.61,13006262.15,3.09,0.51,0.97,1.99,0.51,4.87,23.02,19.92,27.36,1338.68,284.1,920.25,1.1,142.38,TR-IT-001
Mina C,2021-04-26,78.79,86.95,398.48,53664.72,241.85,12915249.96,3.09,0.51,0.97,1.99,0.51,5.25,23.17,19.98,27.51,1348.41,285.89,913.52,1.11,143.03,TR-IT-001
Mina C,2021-04-27,78.48,86.19,383.34,53440.04,242.61,12960085.55,3.09,0.51,0.97,2.01,0.51,5.46,22.98,19.88,27.31,1346.44,283.31,915.21,1.1,142.93,TR-IT-001
Mina C,2021-04-28,78.63,86.86,409.03,53644.86,241.32,12890612.56,3.09,0.51,0.97,2,0.51,5.03,23.09,19.8,27.54,1340.01,285.93,919.86,1.1,141.89,TR-IT-001
Mina C,2021-04-29,78.47,86.51,410.32,53497.02,241.74,12959180.62,3.11,0.51,0.97,2,0.51,5.05,23.08,19.98,27.35,1346.13,285.57,917.74,1.1,142.86,TR-IT-001
Mina C,2021-04-30,78.57,89.12,429.57,53210.76,242.46,13009246.31,3.1,0.51,0.97,2,0.51,4.81,23.1,19.85,27.35,1348.93,283.83,953.13,1.1,110.71,TR-IT-001
Mina C,2021-05-01,78.93,89.25,446.03,52836.12,244.05,12792106.5,3.14,0.71,0.98,3.01,0.5,4.62,23.65,20.1,28.47,1345.87,283.89,947.83,1,111.4,TR-IT-001
Mina C,2021-05-02,78.74,89.81,435.54,52919.02,243.33,12788931.72,3.14,0.71,0.98,2.99,0.5,4.79,23.75,20.13,28.52,1349.14,282.81,954.05,1,111.18,TR-IT-001
Mina C,2021-05-03,78.87,89.25,455.13,52490.13,243.07,12790407.81,3.13,0.71,0.97,3,0.5,4.48,23.61,20.13,28.55,1345.58,283.48,945.98,1,111.07,TR-IT-001
Mina C,2021-05-04,79.11,89.88,401.49,52494.31,242.96,12776710.55,3.12,0.71,0.97,3.01,0.5,5.28,23.65,20.28,28.57,1338.48,282.08,947.33,1,111.29,TR-IT-001
Mina C,2021-05-05,79.05,89.58,401.57,52606.21,243.54,12875941.29,3.13,0.71,0.98,3,0.5,5.33,23.81,20.3,28.68,1350.01,282.58,949.7,1,110.97,TR-IT-001
Mina C,2021-05-06,78.78,89.17,399.49,52491.19,243.81,12764560.36,3.13,0.71,0.98,3.01,0.5,5.37,23.72,20.13,28.51,1344.47,283.93,950.78,1,110.93,TR-IT-001
Mina C,2021-05-07,78.71,89.27,428.4,52594.34,242.59,12756816,3.14,0.71,0.97,2.99,0.5,4.88,23.58,20.12,28.65,1339.54,282.01,953.39,1,110.9,TR-IT-001
Mina C,2021-05-08,79.24,89.9,415.46,52630.9,242.63,12830531.5,3.14,0.71,0.98,3.01,0.5,5.06,23.73,20.19,28.54,1338.73,282.02,947.83,1,110.67,TR-IT-001
Mina C,2021-05-09,79,89.52,427.27,52622.25,244.26,12829645.86,3.13,0.71,0.97,2.99,0.5,4.93,23.59,20.14,28.69,1346.57,281.92,945.5,1,110.41,TR-IT-001
Mina C,2021-05-10,78.7,89.3,406.68,52882.77,242.1,12762288.33,3.14,0.71,0.98,3.01,0.5,5.23,23.76,20.18,28.47,1347.04,283.99,951.98,1,110.51,TR-IT-001
Mina C,2021-05-11,78.66,89.44,444.21,52777.87,242.28,12802462.94,3.15,0.71,0.97,3.01,0.5,4.66,23.79,20.19,28.67,1346.48,282.46,947.13,1,110.65,TR-IT-001
Mina C,2021-05-12,78.71,89.12,440.64,52503.86,241.99,12768398.09,3.14,0.71,0.98,3.01,0.5,4.65,23.66,20.27,28.71,1337.33,283.94,945.27,1,110.65,TR-IT-001
Mina C,2021-05-13,79.1,89.97,426.69,52799.38,244.04,12861612.48,3.14,0.71,0.98,3.01,0.5,4.88,23.66,20.19,28.52,1349.55,282.73,952.07,1,110.9,TR-IT-001
Mina C,2021-05-14,78.97,89.67,448.57,52526.98,243.84,12843387.57,3.14,0.71,0.97,2.99,0.5,4.56,23.79,20.24,28.64,1339.71,282.97,949.01,1,110.38,TR-IT-001
Mina C,2021-05-15,79.28,89.53,426.92,52871.93,244.35,12812849.1,3.15,0.71,0.97,2.99,0.5,4.87,23.67,20.29,28.45,1345.78,283.79,952.8,1,110.79,TR-IT-001
Mina C,2021-05-16,78.57,89.64,436.16,52866.83,243.33,12834027.01,3.13,0.71,0.98,3.01,0.5,4.76,23.7,20.14,28.5,1340.23,283.09,950.99,1,110.42,TR-IT-001
Mina C,2021-05-17,78.85,89.17,434.67,52717.72,241.96,12762929.09,3.14,0.71,0.97,3,0.5,4.79,23.76,20.13,28.56,1350.51,284.02,945.42,1,110.74,TR-IT-001
Mina C,2021-05-18,79.27,89.4,433.57,52501.01,242.45,12813740.3,3.15,0.71,0.98,3,0.5,4.76,23.71,20.23,28.53,1345.05,282.84,947.58,1,111.09,TR-IT-001
Mina C,2021-05-19,78.65,89.8,453.04,52795.54,243.24,12845318.3,3.14,0.71,0.98,3.01,0.5,4.48,23.71,20.15,28.65,1337.43,284.28,951.82,1,110.54,TR-IT-001
Mina C,2021-05-20,78.86,89.13,448.63,52603.88,244,12871347.54,3.15,0.71,0.98,3,0.5,4.54,23.6,20.1,28.48,1344.91,282.51,946.43,1,111.23,TR-IT-001
Mina C,2021-05-21,78.82,89.16,409.15,52481.67,243.66,12806046.6,3.14,0.71,0.97,3.01,0.5,5.2,23.72,20.23,28.7,1341.74,283.58,947.59,1,110.37,TR-IT-001
Mina C,2021-05-22,79.32,89.29,434.19,52961.61,243.22,12824806.25,3.14,0.71,0.98,2.99,0.5,4.72,23.77,20.24,28.48,1339.74,283.47,949.11,1,111.34,TR-IT-001
Mina C,2021-05-23,78.92,89.12,438.26,52807.37,242.26,12763614.97,3.14,0.71,0.98,3,0.5,4.71,23.66,20.14,28.54,1343.68,283.71,948.85,1,110.74,TR-IT-001
Mina C,2021-05-24,78.73,89.67,407.7,52806.06,243.19,12871720.32,3.14,0.71,0.98,3.01,0.5,5.19,23.8,20.22,28.61,1344.29,284.11,948.98,1,111.21,TR-IT-001
Mina C,2021-05-25,78.6,89.26,387.94,52859.76,243.68,12854606.23,3.13,0.71,0.98,3.01,0.5,5.53,23.58,20.21,28.5,1347.19,282.04,952.12,1,110.89,TR-IT-001
Mina C,2021-05-26,78.88,89.55,394.96,52539.63,242.69,12775437.43,3.12,0.71,0.98,3.01,0.5,5.39,23.63,20.19,28.59,1342.96,283.22,946.56,1,111.19,TR-IT-001
Mina C,2021-05-27,79.27,89.15,398.89,52738.78,244.09,12768589.46,3.14,0.71,0.98,3,0.5,5.34,23.77,20.1,28.57,1348.04,284.24,945.24,1,110.68,TR-IT-001
Mina C,2021-05-28,79.23,75.06,383.96,52676.27,242.84,12828659.86,3.14,0.71,0.97,3,0.5,5.63,23.72,20.23,28.44,1343.96,282,797.31,1,268.3,TR-IT-001
Mina C,2021-05-29,78.65,89.9,399.84,52690.51,243.8,12796126.45,3.12,0.71,0.98,2.99,0.5,5.34,23.78,20.2,28.65,1338.01,282.79,952.64,1,110.4,TR-IT-001
Mina C,2021-05-30,78.92,89.16,418.32,52818.99,244.09,12785677.53,3.13,0.71,0.98,3,0.5,5.01,23.63,20.13,28.62,1337.3,282.1,948.04,1,110.34,TR-IT-001
Mina C,2021-05-31,78.85,89.72,412.91,52929.64,242.52,12803536.49,3.15,0.71,0.97,2.99,0.5,5.13,23.64,20.26,28.49,1345.93,281.98,954.41,1,111.3,TR-IT-001
Mina C,2021-06-01,78.5,73.79,437.12,45842.02,243.56,11203146.22,3.13,0.71,0.97,3,0.5,4.71,24.04,20.34,29.4,1339.76,285.41,778.4,1,278.18,TR-IT-001
Mina C,2021-06-02,78.59,89.92,433.52,45802.64,243.91,11141995.72,3.15,0.71,0.97,3,0.5,4.79,24.04,20.29,29.41,1347.7,284.18,950.36,1,111.27,TR-IT-001
Mina C,2021-06-03,78.94,85.65,398.64,45913.29,243.28,11164841.37,3.15,0.71,0.96,3.01,0.5,5.38,24.09,20.25,29.37,1338.97,283.78,901.8,1,156.3,TR-IT-001
Mina C,2021-06-04,78.53,86.8,387.58,45970.81,242.17,11194094.51,3.15,0.71,0.97,2.99,0.5,5.53,24.13,20.38,29.33,1346.99,282.76,925.6,1,137.62,TR-IT-001
Mina C,2021-06-05,79.01,86.79,409.63,45924.48,242.04,11181468.82,3.15,0.71,0.97,2.99,0.5,5.19,24.08,20.41,29.35,1342.2,282.93,920.38,1,137.04,TR-IT-001
Mina C,2021-06-06,79.13,87.25,415.13,45797.24,242.62,11155376.93,3.15,0.71,0.97,2.99,0.5,5.06,24.15,20.26,29.32,1347.39,285.42,925.11,1,137.34,TR-IT-001
Mina C,2021-06-07,78.64,87.37,443.17,45900.33,242.14,11203679.43,3.15,0.71,0.97,3,0.5,4.6,23.95,20.33,29.32,1342.54,284.8,922.46,1,137.31,TR-IT-001
Mina C,2021-06-08,78.97,87.11,402.35,46209.04,244.22,11147462.88,3.14,0.71,0.96,3.01,0.5,5.29,23.99,20.36,29.33,1349.79,282.94,926.58,1,137.55,TR-IT-001
Mina C,2021-06-09,79.03,87.04,444.95,45989.52,242.31,11182717.08,3.15,0.71,0.97,3.01,0.5,4.61,23.98,20.25,29.47,1338.05,283.22,925.69,1,136.74,TR-IT-001
Mina C,2021-06-10,78.76,87.39,533.15,46183.63,242.19,11140191.2,3.13,0.71,0.97,2.99,0.5,3.53,23.92,20.26,29.39,1341.39,284.19,920.34,1,137.56,TR-IT-001
Mina C,2021-06-11,78.68,89.94,345.42,46126.99,242.6,11195159.18,3.15,0.71,0.96,3.01,0.5,6.57,23.97,20.37,29.3,1348.82,284.7,952.19,1,109.58,TR-IT-001
Mina C,2021-06-12,78.67,89.74,360.69,46194.79,244,11205923.47,3.13,0.71,0.96,3,0.5,6.25,23.98,20.38,29.37,1348.75,283.31,950.03,1,110.66,TR-IT-001
Mina C,2021-06-13,78.92,89.42,348.28,45895.94,243.06,11236093,3.12,0.71,0.96,2.99,0.5,6.47,24,20.38,29.31,1340.65,285.45,953.66,1,110.67,TR-IT-001
Mina C,2021-06-14,78.48,89.8,362.96,46131.5,242.53,11138859.59,3.13,0.71,0.96,2.99,0.5,6.17,24.1,20.34,29.41,1339.97,283.26,949.24,1,110.24,TR-IT-001
Mina C,2021-06-15,79.12,89.31,363.34,45937.07,244.22,11154509.12,3.13,0.71,0.97,3,0.5,6.17,24.1,20.26,29.47,1347.6,284.62,945.52,1,110.04,TR-IT-001
Mina C,2021-06-16,79.05,89.6,374.09,46211.46,242.24,11185753.68,3.14,0.71,0.97,3.01,0.5,5.92,24.02,20.25,29.42,1346.09,283.32,951.64,1,110.76,TR-IT-001
Mina C,2021-06-17,78.73,89.95,362.79,45974.75,243.69,11227033.46,3.14,0.71,0.97,3.01,0.5,6.22,23.95,20.25,29.24,1344.2,283.17,949.62,1,110.59,TR-IT-001
Mina C,2021-06-18,78.82,89.13,472.13,45970.59,243.89,11146191.32,3.15,0.71,0.97,2.99,0.5,4.3,24.12,20.35,29.44,1337.5,282.85,948.72,1,110.26,TR-IT-001
Mina C,2021-06-19,78.83,89.47,404.16,46004.99,242.45,11229619.23,3.15,0.71,0.97,3.01,0.5,5.37,23.94,20.31,29.18,1340.43,285.39,946.37,1,110.74,TR-IT-001
Mina C,2021-06-20,78.55,90,372.28,46098.64,242.93,11235173.77,3.12,0.71,0.97,2.99,0.5,6,23.93,20.42,29.2,1346.85,282.83,945.56,1,111.07,TR-IT-001
Mina C,2021-06-21,79.07,89.65,362.76,46205.86,242.42,11177015.33,3.14,0.71,0.96,2.99,0.5,6.16,24.05,20.41,29.38,1350.57,283.65,946.67,1,110.22,TR-IT-001
Mina C,2021-06-22,79.02,89.73,316.14,45895.18,242.06,11160558.94,3.13,0.71,0.97,3.01,0.5,7.31,23.99,20.39,29.34,1338.52,283.75,952.16,1,110.99,TR-IT-001
Mina C,2021-06-23,78.49,89.93,368.93,46174.39,242.26,11214358.34,3.15,0.71,0.97,2.99,0.5,6.05,24.05,20.25,29.41,1349.66,283.33,947.42,1,110.48,TR-IT-001
Mina C,2021-06-24,78.51,89.37,339.78,45897.11,243.08,11239625.97,3.15,0.71,0.97,2.99,0.5,6.7,24.06,20.36,29.33,1344.89,284.57,952.22,1,110.31,TR-IT-001
Mina C,2021-06-25,78.63,89.22,367.43,46207.49,243.35,11220059,3.15,0.71,0.97,3,0.5,6.07,24.02,20.34,29.41,1350.28,284.76,948.44,1,110.45,TR-IT-001
Mina C,2021-06-26,78.59,89.71,398.19,45820.44,243.56,11201269.02,3.13,0.71,0.97,2.99,0.5,5.44,23.95,20.31,29.42,1343.88,283.31,951.25,1,110.47,TR-IT-001
Mina C,2021-06-27,78.55,89.83,337.72,45984.73,243.78,11191942.82,3.13,0.71,0.97,3.01,0.5,6.71,24.07,20.27,29.39,1338.79,283.65,945.93,1,110.87,TR-IT-001
Mina C,2021-06-28,79.01,89.39,344.5,46064.01,243.51,11146826.47,3.14,0.71,0.96,2.99,0.5,6.55,23.97,20.41,29.29,1348.1,284.3,950.52,1,110.57,TR-IT-001
Mina C,2021-06-29,78.99,89.58,358.58,45903.23,242.88,11132645.42,3.15,0.71,0.96,2.99,0.5,6.2,23.95,20.24,29.43,1338.41,283.04,953.61,1,110.69,TR-IT-001
Mina C,2021-06-30,79.09,89.67,345.56,46082.54,244.1,11224826.27,3.13,0.71,0.96,3.01,0.5,6.49,24.1,20.32,29.25,1340.9,283.45,949.78,1,110.87,TR-IT-001
Mina C,2021-07-01,78.58,89.67,356.98,45248.95,244.48,11027571.13,3.15,0.72,0.97,3,0.5,6.27,24.3,20.78,29.37,1337.94,285.26,952.77,1,110.56,TR-IT-001
Mina C,2021-07-02,78.69,89.3,359.2,45018.52,242.71,10945770.02,3.16,0.72,0.97,3,0.5,6.21,24.28,20.71,29.45,1340.19,284.47,946.6,1,110.02,TR-IT-001
Mina C,2021-07-03,78.88,89.2,368.84,45397.96,243.68,10945016.75,3.15,0.72,0.97,3.01,0.5,6.04,24.34,20.72,29.43,1345.8,285.38,948.13,1,110.41,TR-IT-001
Mina C,2021-07-04,78.77,89.52,348.51,45079.68,243.87,10955240.75,3.16,0.72,0.97,2.99,0.5,6.51,24.47,20.8,29.36,1349.47,285.59,947.43,1,110.89,TR-IT-001
Mina C,2021-07-05,78.66,89.82,368.94,45313.62,244.09,10992827.94,3.14,0.71,0.98,2.99,0.5,6.01,24.33,20.71,29.57,1343.15,285.59,947.88,1,110.33,TR-IT-001
Mina C,2021-07-06,79,89.11,375.54,45138.39,243.37,10976520.53,3.14,0.72,0.97,3,0.5,5.94,24.42,20.73,29.43,1349.19,284.21,944.64,1,110.89,TR-IT-001
Mina C,2021-07-07,78.95,89.2,395.37,45122.04,244.18,10994260.38,3.15,0.71,0.98,2.99,0.5,5.54,24.31,20.66,29.46,1345.55,285.49,950.08,1,110.7,TR-IT-001
Mina C,2021-07-08,78.79,89.95,365.61,45179.56,244.2,10983591.22,3.15,0.72,0.97,2.99,0.5,6.16,24.47,20.7,29.56,1345.12,284.42,943.81,1,111.17,TR-IT-001
Mina C,2021-07-09,78.66,89.6,366.61,45230.12,243.72,10993006.14,3.14,0.72,0.98,2.99,0.5,6.07,24.48,20.78,29.53,1342.76,286.3,949.73,1,110.23,TR-IT-001
Mina C,2021-07-10,78.75,89.87,402.53,45014.05,243.22,11043626.11,3.15,0.72,0.98,2.99,0.5,5.35,24.44,20.73,29.55,1339.71,285.47,948.05,1,110.58,TR-IT-001
Mina C,2021-07-11,78.48,89.38,386.01,45255.64,244.52,11046263.61,3.16,0.71,0.97,2.99,0.5,5.62,24.48,20.76,29.31,1344.9,283.73,952.87,1,110.25,TR-IT-001
Mina C,2021-07-12,78.6,89.36,356.18,45293.77,242.82,10946414.35,3.13,0.72,0.98,2.99,0.5,6.26,24.28,20.69,29.42,1346.85,285.98,947.51,1,110.65,TR-IT-001
Mina C,2021-07-13,78.86,89.99,362.39,45262.73,244.6,11047509.8,3.15,0.72,0.97,3,0.5,6.12,24.36,20.81,29.55,1337.66,286.4,948.07,1,110.94,TR-IT-001
Mina C,2021-07-14,78.54,89.84,409.11,45386.29,242.79,10988338.94,3.16,0.72,0.97,3.01,0.5,5.21,24.26,20.82,29.33,1342.86,286.48,950.24,1,110.77,TR-IT-001
Mina C,2021-07-15,79.14,89.58,352.96,45185.85,244.57,11054183.15,3.13,0.72,0.97,3.01,0.5,6.33,24.36,20.65,29.42,1343.8,283.85,947.17,1,111.06,TR-IT-001
Mina C,2021-07-16,78.63,89.86,392.59,45029.12,242.25,11025124.21,3.14,0.72,0.97,3.01,0.5,5.54,24.41,20.77,29.55,1346.57,283.98,946.32,1,111.19,TR-IT-001
Mina C,2021-07-17,78.83,89.79,394.74,45361.15,244.52,10981158.9,3.15,0.72,0.97,3,0.5,5.41,24.48,20.68,29.31,1348.44,286.16,948.04,1,110.74,TR-IT-001
Mina C,2021-07-18,78.41,89.57,371.97,45006.71,242.84,10997416.26,3.15,0.72,0.97,2.99,0.5,5.87,24.48,20.72,29.31,1348.12,285.83,945.36,1,111.05,TR-IT-001
Mina C,2021-07-19,78.76,89.87,350.61,45073.55,243.75,11038830.17,3.16,0.72,0.97,3.01,0.5,6.37,24.26,20.83,29.58,1348.2,286.28,944.56,1,110.74,TR-IT-001
Mina C,2021-07-20,78.7,89.95,349,45237.72,242.75,10993119.13,3.16,0.72,0.97,3.01,0.5,6.44,24.35,20.71,29.41,1344.05,284.84,951.39,1,110.8,TR-IT-001
Mina C,2021-07-21,78.49,89.65,399.41,45249.45,244.15,10955237.72,3.14,0.72,0.97,3,0.5,5.42,24.26,20.71,29.3,1339.56,285.13,949.99,1,111.2,TR-IT-001
Mina C,2021-07-22,78.92,89.34,374.92,45152.06,243.21,11006433.78,3.15,0.72,0.97,2.99,0.5,5.9,24.41,20.82,29.47,1340.53,283.87,951.51,1,110.82,TR-IT-001
Mina C,2021-07-23,79.11,89.4,339.21,45174.22,242.97,11006153.94,3.16,0.72,0.97,3.01,0.5,6.71,24.28,20.67,29.53,1341.51,283.76,952.9,1,110.19,TR-IT-001
Mina C,2021-07-24,78.74,89.76,371.2,45016.34,242.46,10962558.37,3.14,0.72,0.97,3.01,0.5,6.02,24.29,20.79,29.43,1345.47,286.17,950.71,1,110.14,TR-IT-001
Mina C,2021-07-25,78.6,89.99,357.83,45247.7,243.29,10989716.11,3.13,0.72,0.97,3,0.5,6.26,24.43,20.64,29.32,1338.61,286.3,952.58,1,110.77,TR-IT-001
Mina C,2021-07-26,78.64,89.33,403.93,45012.82,243.91,10957718.91,3.14,0.72,0.97,3,0.5,5.35,24.34,20.77,29.41,1343.59,286.33,950.13,1,111.15,TR-IT-001
Mina C,2021-07-27,78.71,89.55,354.36,45142.24,244.45,10945141.31,3.14,0.72,0.97,3.01,0.5,6.34,24.41,20.75,29.55,1347.89,285.28,948.61,1,110.65,TR-IT-001
Mina C,2021-07-28,78.48,89.84,361.2,45110.42,243.98,11046263.39,3.16,0.72,0.97,2.99,0.5,6.22,24.44,20.68,29.54,1341.38,286.09,944.11,1,110.26,TR-IT-001
Mina C,2021-07-29,78.49,89.16,344.34,45143.61,243.07,10996884.57,3.15,0.72,0.98,2.99,0.5,6.62,24.42,20.82,29.43,1350.41,284.53,947.62,1,110.11,TR-IT-001
Mina C,2021-07-30,78.81,89.59,381.7,44967,243.43,10983956.05,3.14,0.72,0.97,3,0.5,5.81,24.43,20.8,29.4,1347.74,285.85,946.08,1,110.65,TR-IT-001
Mina C,2021-07-31,78.62,89.12,408.7,45071.99,242.68,10949356.22,3.13,0.72,0.97,2.99,0.5,5.27,24.45,20.84,29.54,1341.23,284.51,947.48,1,110.73,TR-IT-001
Mina C,2021-08-01,81.41,89.29,390.87,45560.12,245.75,11119557.95,3.2,0.71,1.02,3,0.5,5.61,24.25,20.67,29.33,1348.35,249.64,975.6,1,114.07,TR-IT-001
Mina C,2021-08-02,81.27,89.16,403.52,45445.05,245.35,11065090.72,3.19,0.71,1.02,3,0.5,5.38,24.33,20.78,29.35,1343.55,248.27,980.88,1,114.73,TR-IT-001
Mina C,2021-08-03,81.05,89.42,397.64,45154.42,245.52,11143665.77,3.2,0.71,1.02,3.01,0.5,5.53,24.31,20.68,29.37,1344.27,248.64,978.93,1,114.03,TR-IT-001
Mina C,2021-08-04,81.21,89.64,393.93,45278.42,243.46,11107841.85,3.2,0.71,1.03,3.01,0.5,5.56,24.35,20.79,29.3,1342.69,250.36,984.26,1,114.09,TR-IT-001
Mina C,2021-08-05,81.28,89.9,359.79,45543.87,244.45,11151383.29,3.19,0.71,1.02,3.01,0.5,6.27,24.46,20.78,29.52,1347.87,248.27,981.54,1,114.03,TR-IT-001
Mina C,2021-08-06,81.1,86.82,354,45586.16,244.71,11054298.06,3.2,0.72,1.03,3,0.5,6.36,24.28,20.75,29.32,1343.76,250.17,955.37,1,141.43,TR-IT-001
Mina C,2021-08-07,81.63,86.7,387.83,45367.16,243.96,11081570.07,3.19,0.71,1.02,3.01,0.5,5.64,24.47,20.77,29.38,1344.7,249.55,957.49,1,140.89,TR-IT-001
Mina C,2021-08-08,81.85,87.33,401.67,45268.68,245.61,11076219.41,3.18,0.72,1.02,2.99,0.5,5.44,24.39,20.67,29.32,1342.37,248.94,954.21,1,142.16,TR-IT-001
Mina C,2021-08-09,81.6,86.99,370.67,45251.46,243.52,11053354.57,3.19,0.72,1.02,3,0.5,5.97,24.35,20.73,29.55,1348.15,249.97,948.54,1,141.15,TR-IT-001
Mina C,2021-08-10,81.72,86.74,414.19,45251.74,245.7,11131126.22,3.19,0.71,1.03,2.99,0.5,5.19,24.42,20.81,29.47,1337.81,249.81,953.03,1,141.28,TR-IT-001
Mina C,2021-08-11,81.41,86.99,424.51,45477.59,245.34,11090613.54,3.19,0.72,1.03,3.01,0.5,5.03,24.47,20.79,29.52,1347.08,249.81,950.55,1,142.19,TR-IT-001
Mina C,2021-08-12,81.67,87.05,408.43,45498.14,245.83,11111970.34,3.18,0.71,1.02,3,0.5,5.28,24.29,20.66,29.4,1350.58,248.54,953.62,1,141.33,TR-IT-001
Mina C,2021-08-13,81.21,86.71,461.17,45267.79,244.21,11055332,3.2,0.72,1.02,2.99,0.5,4.44,24.34,20.73,29.51,1353.91,250,968.31,1,143.71,TR-IT-001
Mina C,2021-08-14,81.24,87.4,391.26,45470.54,243.66,11129168.33,3.17,0.71,1.02,3.01,0.5,5.58,24.28,20.82,29.37,1354.62,250.86,965,1,142.95,TR-IT-001
Mina C,2021-08-15,81.58,86.85,412.42,45569.75,243.41,11121492.57,3.19,0.72,1.03,2.99,0.5,5.22,24.37,20.65,29.46,1359.45,251.03,962.85,1,142.58,TR-IT-001
Mina C,2021-08-16,81.64,87.13,353.01,45476.94,243.94,11131669.24,3.19,0.71,1.02,2.99,0.5,6.44,24.28,20.7,29.34,1358.25,251.88,958.99,1,142.58,TR-IT-001
Mina C,2021-08-17,81.01,87.2,352.73,45234.25,245.22,11075287.25,3.19,0.71,1.03,2.99,0.5,6.46,24.37,20.64,29.43,1362.97,251.99,961.19,1,142.34,TR-IT-001
Mina C,2021-08-18,81.44,86.85,371.39,45306.08,245.54,11068406.44,3.19,0.72,1.03,2.99,0.5,5.98,24.37,20.71,29.39,1362.12,251.88,958.31,1,142.59,TR-IT-001
Mina C,2021-08-19,81.78,87.11,333.66,45598.46,244.91,11091492.35,3.2,0.71,1.02,3.01,0.5,6.91,24.33,20.82,29.4,1360.83,251.9,964.54,1,142.41,TR-IT-001
Mina C,2021-08-20,81.12,82.1,343.54,45178.65,244.69,11127816.39,3.18,0.71,1.02,3.01,0.5,6.72,24.47,20.68,29.36,1348.29,249.86,896.26,1,194.35,TR-IT-001
Mina C,2021-08-21,81.6,82.15,373.18,45332.16,245.81,11045748.67,3.19,0.72,1.03,2.99,0.5,6.03,24.46,20.74,29.48,1338.27,248.1,901.29,1,194.52,TR-IT-001
Mina C,2021-08-22,81.07,82.1,389.65,45365.97,244.54,11128853.13,3.17,0.71,1.02,3,0.5,5.69,24.26,20.7,29.31,1338.16,248.56,901.57,1,194.92,TR-IT-001
Mina C,2021-08-23,81.79,81.89,387.15,45544.99,245.08,11146987.86,3.17,0.72,1.03,3,0.5,5.72,24.37,20.71,29.57,1342.66,249.88,904.18,1,194.24,TR-IT-001
Mina C,2021-08-24,81.32,82.57,344.5,45246.52,245.09,11097050.54,3.19,0.71,1.03,3.01,0.5,6.67,24.32,20.66,29.38,1344,250.5,901.68,1,194.27,TR-IT-001
Mina C,2021-08-25,81.48,82.64,333.77,45153.38,244.86,11145714.89,3.19,0.71,1.03,2.99,0.5,6.94,24.25,20.71,29.36,1348.87,249.8,897.53,1,194.69,TR-IT-001
Mina C,2021-08-26,81.55,82.53,386.92,45489.93,245.54,11089328.88,3.17,0.71,1.02,2.99,0.5,5.74,24.42,20.81,29.33,1337.59,249.67,896.46,1,194.17,TR-IT-001
Mina C,2021-08-27,81.07,82.23,389.54,45542.75,245.68,11058067.92,3.2,0.71,1.03,3.01,0.5,5.73,24.26,20.67,29.48,1342.7,249.29,902.82,1,194.76,TR-IT-001
Mina C,2021-08-28,81.75,82.61,428.46,45513.21,244.65,11053114.78,3.19,0.71,1.03,3,0.5,5,24.37,20.79,29.31,1342.79,248.34,904.74,1,194.06,TR-IT-001
Mina C,2021-08-29,81.67,82.09,416.72,45539.69,243.55,11123354.55,3.18,0.71,1.03,3.01,0.5,5.19,24.4,20.82,29.41,1344.6,250.49,898.9,1,193.57,TR-IT-001
Mina C,2021-08-30,81.48,82.34,417.9,45430.08,245.49,11084078.54,3.18,0.72,1.03,3,0.5,5.13,24.39,20.66,29.53,1343.92,250.19,903.89,1,194.37,TR-IT-001
Mina C,2021-08-31,81.35,82.64,455.22,45479.85,244,11103269.85,3.18,0.71,1.02,3.01,0.5,4.6,24.28,20.73,29.54,1342.62,249.19,901.82,1,194.34,TR-IT-001
Mina C,2021-09-01,81.27,82.41,411.8,42876.98,244.25,10428247.99,3.21,0.71,1.03,3,0.5,5.32,23.81,20.1,29.32,1346.83,247.04,898.33,1,194.64,TR-IT-001
Mina C,2021-09-02,81.24,81.91,383.84,42883.74,243.97,10503069.07,3.2,0.7,1.03,3.01,0.5,5.84,23.91,20.04,29.4,1350.12,246.8,904.58,1,194.9,TR-IT-001
Mina C,2021-09-03,81.76,79.84,370.21,42700.46,243.05,10435266.86,3.2,0.7,1.03,3.01,0.5,5.96,23.87,20.04,29.27,1353.12,247.08,878.79,1,219.36,TR-IT-001
Mina C,2021-09-04,81.24,80.17,423.97,42773.7,243.43,10461985.24,3.21,0.71,1.03,3.01,0.5,5.04,23.79,19.99,29.4,1343.8,248.31,878.56,1,219.72,TR-IT-001
Mina C,2021-09-05,81.75,79.8,344.83,42854.88,243.21,10492161.9,3.22,0.71,1.03,3,0.5,6.57,23.93,20.11,29.28,1344,245.97,880.25,1,219.65,TR-IT-001
Mina C,2021-09-06,82.04,79.96,343.35,42814.25,244.06,10520729.66,3.21,0.7,1.03,3,0.5,6.58,23.89,20.08,29.45,1346.39,248.09,876.85,1,218.9,TR-IT-001
Mina C,2021-09-07,81.61,80.2,390.83,42979.5,243.69,10484324.78,3.23,0.71,1.03,2.99,0.5,5.56,23.82,20.05,29.25,1340.48,247.39,880.42,1,220.24,TR-IT-001
Mina C,2021-09-08,81.79,79.65,359.78,42960.97,245.33,10496330.27,3.22,0.7,1.03,3,0.5,6.21,23.88,19.98,29.25,1348.18,247.84,882.69,1,220.06,TR-IT-001
Mina C,2021-09-09,81.38,80.06,452.87,43095.86,244.59,10485513.82,3.21,0.7,1.03,2.99,0.5,4.59,23.97,20.17,29.41,1347.98,245.2,880.98,1,219.27,TR-IT-001
Mina C,2021-09-10,81.9,80.02,406.1,42709.31,243.25,10501129.66,3.22,0.71,1.03,3,0.5,5.26,23.9,20.03,29.32,1374.37,251.75,896.46,1,223.28,TR-IT-001
Mina C,2021-09-11,81.23,79.67,401.39,43091.8,245.1,10520585.59,3.22,0.71,1.03,3,0.5,5.41,23.87,20.15,29.33,1361.53,252.59,892.54,1,222.93,TR-IT-001
Mina C,2021-09-12,81.71,80.38,406.7,43075.04,244.21,10430477.45,3.23,0.7,1.03,2.99,0.5,5.3,23.75,20.06,29.24,1368.67,250.88,895.57,1,222.56,TR-IT-001
Mina C,2021-09-13,81.54,79.72,377.97,42856.48,243.43,10434144.06,3.21,0.7,1.03,3,0.5,5.84,23.87,20.03,29.22,1367.19,250.58,896.07,1,224.1,TR-IT-001
Mina C,2021-09-14,81.89,79.88,426.57,42919.56,243.48,10493896.54,3.22,0.7,1.03,3,0.5,4.95,23.94,20.11,29.44,1374.8,250.58,889.05,1,224.12,TR-IT-001
Mina C,2021-09-15,81.69,80.12,465.91,42734.57,243,10436696.58,3.21,0.71,1.03,3.01,0.5,4.43,23.85,19.99,29.25,1365.79,252.8,897.06,1,223.85,TR-IT-001
Mina C,2021-09-16,82.01,80.15,430.2,42935.66,243.34,10449741.51,3.22,0.7,1.03,2.99,0.5,4.86,23.97,20.11,29.2,1366.27,252.52,893.37,1,223.87,TR-IT-001
Mina C,2021-09-17,81.65,79.68,494.14,42902.86,245.38,10504622.11,3.21,0.71,1.03,3.01,0.5,4,23.79,20.01,29.25,1368.63,250.53,895.78,1,223.73,TR-IT-001
Mina C,2021-09-18,81.5,80,452.7,43083.9,245.05,10458558.35,3.22,0.7,1.03,2.99,0.5,4.55,23.9,20.16,29.39,1369.09,251.13,893.83,1,223.8,TR-IT-001
Mina C,2021-09-19,81.31,79.94,432.19,42931.21,243.4,10488085.14,3.21,0.71,1.03,3,0.5,4.84,23.87,20.09,29.27,1371.29,251.54,890.66,1,224.01,TR-IT-001
Mina C,2021-09-20,81.75,80.01,353.59,42761.52,244.82,10523334.23,3.22,0.7,1.03,3.01,0.5,6.37,23.85,20.09,29.32,1362.29,250.64,892.54,1,222.45,TR-IT-001
Mina C,2021-09-21,81.74,79.95,346.26,42743.66,245.02,10452389.3,3.22,0.7,1.03,3.01,0.5,6.5,23.9,20.02,29.28,1362.33,252.43,895.15,1,223.35,TR-IT-001
Mina C,2021-09-22,81.67,80.01,348.41,42967.15,243.55,10474790.22,3.2,0.71,1.03,2.99,0.5,6.46,23.83,19.97,29.4,1363.79,252.24,893.06,1,222.39,TR-IT-001
Mina C,2021-09-23,81.41,79.67,358.26,43093.7,243.44,10526712.84,3.23,0.7,1.03,2.99,0.5,6.19,23.79,20.05,29.16,1362.11,250.58,888.8,1,224.01,TR-IT-001
Mina C,2021-09-24,81.22,79.81,389.91,43067.99,244.59,10450263.32,3.21,0.71,1.03,2.99,0.5,5.56,23.74,20.17,29.35,1369.88,251.06,894.44,1,223.88,TR-IT-001
Mina C,2021-09-25,81.53,79.85,382.39,42941.91,243.68,10478137.48,3.21,0.71,1.03,3.01,0.5,5.69,23.91,19.98,29.41,1370.34,252.32,893.08,1,224.21,TR-IT-001
Mina C,2021-09-26,81.77,79.57,358.66,42869.39,245.34,10436971.37,3.22,0.7,1.03,3,0.5,6.17,23.78,20.02,29.33,1367.19,251.66,894.14,1,224.82,TR-IT-001
Mina C,2021-09-27,81.47,79.77,350.95,42885.06,244.65,10517670.44,3.22,0.7,1.03,2.99,0.5,6.41,23.85,20.13,29.38,1368.09,250.48,891.56,1,222.8,TR-IT-001
Mina C,2021-09-28,81.48,79.65,393.91,43088.44,245.33,10448233.73,3.22,0.71,1.03,2.99,0.5,5.48,23.75,20.02,29.26,1369.24,251.48,892.51,1,222.8,TR-IT-001
Mina C,2021-09-29,81.3,80.3,339.3,42990.5,243.91,10474028.05,3.22,0.71,1.03,3.01,0.5,6.67,23.96,20.07,29.37,1373.24,251.93,891.3,1,224.23,TR-IT-001
Mina C,2021-09-30,81.72,79.7,375.16,42962.38,243.33,10485672.78,3.2,0.7,1.03,3,0.5,5.84,23.81,19.98,29.33,1374.71,251.68,894.78,1,223.14,TR-IT-001
Mina C,2021-10-01,81.9,80.18,388,42576.5,251.11,10656391.04,3.12,0.7,1.06,3,0.5,5.42,23.02,19.43,28.12,1395.71,254.37,909.93,1,225.42,TR-IT-001
Mina C,2021-10-02,81.55,73.54,346.65,42744.83,250.5,10671116.88,3.13,0.7,1.06,3,0.5,6.27,22.99,19.43,28.23,1386.9,256.15,836.26,1,297.63,TR-IT-001
Mina C,2021-10-03,81.95,81.33,356.42,42906.75,249.65,10638438.97,3.11,0.71,1.06,2.99,0.5,6.02,23,19.39,28.06,1395.27,255.44,926.75,1,213.94,TR-IT-001
Mina C,2021-10-04,81.68,58.36,383.97,42603.67,248.87,10693599.47,3.12,0.7,1.06,2.99,0.5,5.45,23.05,19.44,28,1385.51,255.31,664.67,1,473.4,TR-IT-001
Mina C,2021-10-05,81.27,53.6,361.93,42913.2,249.28,10661174.25,3.12,0.7,1.07,3,0.5,5.92,23.03,19.43,28.17,1385.66,254.47,610.2,1,530.39,TR-IT-001
Mina C,2021-10-06,81.57,66.45,311.76,42926.88,249.39,10674271.7,3.12,0.71,1.06,2.99,0.5,7.16,22.89,19.37,28.1,1387.62,255.5,755.69,1,379.27,TR-IT-001
Mina C,2021-10-07,81.66,81.03,347.95,42948.23,250.42,10718758.71,3.11,0.71,1.06,3.01,0.5,6.23,23.07,19.42,28.1,1393.22,256.42,922.75,1,216,TR-IT-001
Mina C,2021-10-08,81.38,83.15,387.08,42880.59,249.48,10684993.28,3.12,0.71,1.06,2.99,0.5,5.44,22.9,19.33,28.1,1394.05,256.48,942.24,1,196.35,TR-IT-001
Mina C,2021-10-09,81.85,82.32,389.65,42897.2,250.45,10654015.81,3.12,0.7,1.06,3.01,0.5,5.36,23.08,19.31,28.21,1393.62,255.69,940.56,1,198,TR-IT-001
Mina C,2021-10-10,81.86,82.54,369.35,42896.53,249.85,10664992.7,3.12,0.71,1.06,3.01,0.5,5.72,22.92,19.34,28.03,1386.03,254.68,937.6,1,194.88,TR-IT-001
Mina C,2021-10-11,81.47,82.74,349.07,42682.28,250.82,10692960.47,3.13,0.7,1.06,3,0.5,6.15,23.08,19.33,28.18,1396.81,255.06,943.83,1,195.26,TR-IT-001
Mina C,2021-10-12,81.23,79.83,395.01,42712.51,250.42,10721545.44,3.11,0.7,1.07,3,0.5,5.27,22.92,19.33,28.11,1394.75,256.44,905.57,1,232.02,TR-IT-001
Mina C,2021-10-13,81.77,70.56,378.1,42878.28,250.29,10702692.96,3.12,0.71,1.06,2.99,0.5,5.54,23.02,19.32,28.04,1391.07,255.36,802.58,1,336.62,TR-IT-001
Mina C,2021-10-14,81.37,75.66,353.51,42810.17,250.79,10732057.2,3.14,0.71,1.06,2.99,0.5,6.13,23.02,19.3,28.04,1392.3,256.34,861.67,1,277.62,TR-IT-001
Mina C,2021-10-15,80.44,69.23,384.04,42670.96,251.09,10684593.72,3.12,0.71,1.06,3.01,0.5,5.47,22.89,19.38,27.98,1391.07,269.67,779.67,1,343.47,TR-IT-001
Mina C,2021-10-16,81.85,82.6,346.13,42857.45,250.85,10642788.51,3.13,0.71,1.06,3.01,0.5,6.28,22.99,19.46,28.13,1391.45,255.86,938.6,1,196.25,TR-IT-001
Mina C,2021-10-17,81.62,82.87,380.77,42818.15,249.3,10656512.02,3.13,0.71,1.06,3,0.5,5.55,22.9,19.37,28.02,1392.96,254.82,944.52,1,197.38,TR-IT-001
Mina C,2021-10-18,81.38,82.38,352.9,42717.96,250.43,10691580.45,3.13,0.71,1.06,3,0.5,6.08,22.92,19.45,28.01,1398.74,254.27,939.62,1,197.54,TR-IT-001
Mina C,2021-10-19,81.56,78.33,359.8,42946.18,249.6,10727009.97,3.12,0.71,1.06,3,0.5,6.01,23,19.4,27.98,1387.96,256.99,895.49,1,243.99,TR-IT-001
Mina C,2021-10-20,82.06,68.19,357.85,42622.96,249.13,10644830.58,3.13,0.71,1.06,3.01,0.5,6,22.91,19.39,28.08,1394.32,249.33,784.28,1,359.21,TR-IT-001
Mina C,2021-10-21,81.66,82.84,360.29,42879.02,250.12,10675956.65,3.12,0.71,1.06,3.01,0.5,5.92,22.97,19.4,28.14,1394.48,252.43,944.14,1,197.84,TR-IT-001
Mina C,2021-10-22,81.75,75.15,334.01,42761.52,250.84,10647483.81,3.13,0.7,1.06,3.01,0.5,6.51,23.04,19.49,28.03,1395.49,254.98,856.59,1,279.45,TR-IT-001
Mina C,2021-10-23,81.51,78.16,377.01,42721.67,249.67,10669612.94,3.13,0.71,1.06,3.01,0.5,5.65,23.06,19.44,28.13,1397.53,255.17,887.09,1,247.8,TR-IT-001
Mina C,2021-10-24,81.62,82.6,349.59,42794.17,251.14,10638154.2,3.13,0.7,1.06,3,0.5,6.19,23.09,19.41,27.99,1393.06,256.52,937.32,1,196.99,TR-IT-001
Mina C,2021-10-25,81.92,79.89,382.17,42720.66,248.97,10741692.17,3.13,0.71,1.06,3,0.5,5.55,22.93,19.48,28.18,1386.11,254.43,913.65,1,224.99,TR-IT-001
Mina C,2021-10-26,81.99,62.81,351.58,42820.1,249.62,10728708.87,3.12,0.7,1.06,3.01,0.5,6.1,22.89,19.35,28.03,1392.42,254.45,712.81,1,420.47,TR-IT-001
Mina C,2021-10-27,81.79,56.83,351.51,42598.8,251.01,10730079.7,3.12,0.71,1.06,2.99,0.5,6.17,23.08,19.43,28.05,1397.17,256.44,648.7,1,486.17,TR-IT-001
Mina C,2021-10-28,81.44,70.68,418.46,42771.18,249.2,10729910.69,3.11,0.71,1.06,3.01,0.5,4.85,23.09,19.49,28.08,1395.67,256.58,799.71,1,334.28,TR-IT-001
Mina C,2021-10-29,81.26,82.52,352.38,42610.65,249.29,10645570.02,3.13,0.7,1.06,3.01,0.5,5.85,22.96,19.32,28.15,1411.16,260.87,953.55,1,197.94,TR-IT-001
Mina C,2021-10-30,81.68,82.71,344.65,42741.32,249.4,10691294.2,3.11,0.71,1.06,3,0.5,6.05,23.01,19.41,28.14,1403.17,257.51,953.61,1,199.18,TR-IT-001
Mina C,2021-10-31,81.45,82.35,336.49,42832.79,248.93,10673367.04,3.14,0.7,1.06,2.99,0.5,6.22,23.07,19.47,28.01,1406.34,256.64,949.74,1,198.24,TR-IT-001
Mina C,2021-11-01,81.45,79.66,360.05,39857.73,245,9722056.62,3.19,0.7,1.05,2.99,0.5,5.72,22.07,18.82,26.52,1409.03,256.12,919.15,1,232.65,TR-IT-001
Mina C,2021-11-02,81.67,80.02,343.55,39813.15,243.61,9715491.95,3.19,0.7,1.06,2.99,0.5,6.06,21.97,18.86,26.5,1404.01,256.69,920.58,1,232.41,TR-IT-001
Mina C,2021-11-03,82,72.27,363.27,39716.27,244.23,9716553.93,3.21,0.7,1.06,2.99,0.5,5.66,22.05,18.9,26.39,1406.12,255.06,829.2,1,319.44,TR-IT-001
Mina C,2021-11-04,81.85,79.47,367.94,39858.59,244.24,9670580.34,3.19,0.7,1.05,2.99,0.5,5.59,22.1,18.95,26.56,1408.04,257.27,913.98,1,233.4,TR-IT-001
Mina C,2021-11-05,81.43,79.96,350.79,39578.79,245.17,9682740.21,3.19,0.7,1.05,3.01,0.5,5.99,22.14,18.93,26.54,1415.33,259.37,921.89,1,231.88,TR-IT-001
Mina C,2021-11-06,81.79,80.06,349.57,39883.95,244.99,9671057.74,3.19,0.7,1.05,2.99,0.5,5.96,22.16,18.98,26.52,1413.5,260.3,923.49,1,230.47,TR-IT-001
Mina C,2021-11-07,81.48,80.34,348.89,39923.81,243.08,9729201.83,3.2,0.7,1.05,3,0.5,5.95,22.01,18.89,26.59,1415.99,258.88,921.37,1,230.5,TR-IT-001
Mina C,2021-11-08,82.1,80.09,315.25,39842.12,244.72,9649777.84,3.2,0.7,1.06,3,0.5,6.8,22.13,18.97,26.51,1416.41,258.74,926.45,1,230.86,TR-IT-001
Mina C,2021-11-09,81.5,79.7,358.36,39559.39,243.96,9659949.17,3.19,0.71,1.05,3.01,0.5,5.77,21.97,18.97,26.41,1418.23,260.03,921.15,1,231.3,TR-IT-001
Mina C,2021-11-10,81.54,80.05,350.68,39689.57,243.91,9735448.2,3.2,0.7,1.05,3.01,0.5,5.96,22.06,18.82,26.54,1422.69,258.43,926.42,1,231.3,TR-IT-001
Mina C,2021-11-11,81.92,79.68,344.39,39533.97,245.08,9698465.53,3.2,0.71,1.05,2.99,0.5,6.11,21.97,18.82,26.58,1411.85,258.05,924.89,1,231.73,TR-IT-001
Mina C,2021-11-12,81.71,79.65,364.74,39534.8,243.93,9695146.19,3.2,0.7,1.05,3.01,0.5,5.66,21.97,18.83,26.33,1409.93,259.76,928.39,1,230.64,TR-IT-001
Mina C,2021-11-13,81.4,79.96,366.31,39815.33,243.64,9732885.37,3.2,0.7,1.05,3.01,0.5,5.62,22.15,18.89,26.38,1422.54,258.38,927.22,1,230.49,TR-IT-001
Mina C,2021-11-14,81.45,80.17,371.74,39618.07,244.26,9664538.56,3.18,0.7,1.05,3.01,0.5,5.54,21.97,18.91,26.58,1413.42,259.38,928.59,1,230.82,TR-IT-001
Mina C,2021-11-15,81.56,80.02,341.89,39645.82,244.5,9714430.33,3.21,0.7,1.05,3,0.5,6.18,22.09,18.88,26.41,1418.48,259.05,926.11,1,231.09,TR-IT-001
Mina C,2021-11-16,81.66,79.67,376.9,39892.96,244.06,9661019.92,3.2,0.7,1.05,3,0.5,5.38,22.1,18.97,26.58,1415.07,259.83,921.1,1,232.36,TR-IT-001
Mina C,2021-11-17,81.93,80.1,331.72,39865.15,243.06,9737448.75,3.21,0.7,1.06,3.01,0.5,6.33,22,18.93,26.56,1417.75,259.48,924.5,1,232.22,TR-IT-001
Mina C,2021-11-18,81.8,79.71,367.9,39833.97,244.25,9738530.53,3.19,0.7,1.05,3.01,0.5,5.61,22.12,18.98,26.55,1417.47,260.41,929.59,1,232.49,TR-IT-001
Mina C,2021-11-19,81.8,79.72,364.58,39579.6,243.2,9734368.15,3.21,0.7,1.05,3,0.5,5.67,22.07,18.89,26.34,1421.29,257.99,923.09,1,231.6,TR-IT-001
Mina C,2021-11-20,81.52,80.05,358.08,39736.49,244.47,9674860.8,3.21,0.7,1.05,2.99,0.5,5.82,22.14,18.84,26.34,1410.81,260.11,925.86,1,231.81,TR-IT-001
Mina C,2021-11-21,81.74,79.62,361.2,39611.13,243.31,9718934.02,3.18,0.7,1.05,3,0.5,5.74,22.03,18.86,26.57,1415.73,259.86,925.4,1,231.39,TR-IT-001
Mina C,2021-11-22,81.43,80.35,364.54,39926.24,244.16,9660496.81,3.19,0.7,1.05,3.01,0.5,5.66,22.03,18.89,26.45,1420.92,259.51,927.58,1,230.62,TR-IT-001
Mina C,2021-11-23,81.96,79.93,387.93,39645.43,244.96,9658118.02,3.2,0.7,1.06,3,0.5,5.22,22,18.87,26.48,1410.35,260.27,925.57,1,231.02,TR-IT-001
Mina C,2021-11-24,81.58,76.65,365.38,39830.94,244.64,9663151.75,3.18,0.7,1.05,3,0.5,5.64,22.11,18.85,26.4,1410.68,262.7,885.43,1,268.1,TR-IT-001
Mina C,2021-11-25,81.38,75.93,371.88,39860.31,244.44,9674791.2,3.19,0.7,1.05,2.99,0.5,5.55,22.08,18.85,26.38,1417.92,262.99,884.02,1,272.81,TR-IT-001
Mina C,2021-11-26,81.98,66.39,438.6,39629.65,244.94,9703966.55,3.18,0.7,1.06,3,0.5,4.44,22.07,18.83,26.42,1420.85,258.44,770.82,1,386.76,TR-IT-001
Mina C,2021-11-27,81.47,79.65,410.39,39787.8,243.27,9653936.34,3.18,0.7,1.05,3,0.5,4.81,22.12,18.82,26.49,1422.09,259.05,926.14,1,230.23,TR-IT-001
Mina C,2021-11-28,81.33,79.76,432.11,39737.51,243.91,9680723.88,3.18,0.7,1.05,3.01,0.5,4.5,21.98,18.83,26.53,1420.09,257.96,927.72,1,230.38,TR-IT-001
Mina C,2021-11-29,81.32,80.22,371.86,39742.67,244.04,9646112.82,3.19,0.7,1.05,2.99,0.5,5.52,22.05,18.92,26.43,1409.83,258.51,924.21,1,232.44,TR-IT-001
Mina C,2021-11-30,81.97,79.63,339.19,39662.06,244.57,9677009.89,3.19,0.71,1.05,3.01,0.5,6.19,21.98,18.89,26.54,1419.55,260.38,926.75,1,231.55,TR-IT-001
Mina C,2021-12-01,82.09,79.66,328.52,39014.61,244.75,9475270.07,3.2,0.7,1.05,2.99,0.5,6.48,20.55,17.86,23.84,1422.3,259.47,929.16,1,232.4,TR-IT-001
Mina C,2021-12-02,81.34,80.29,344.54,39028.23,243.97,9450257.76,3.21,0.7,1.05,2.99,0.5,6.1,20.39,17.85,23.74,1416.93,257.94,928.5,1,230.35,TR-IT-001
Mina C,2021-12-03,82.11,80.17,329.1,38900.46,244.6,9501263.6,3.2,0.7,1.05,3.01,0.5,6.3,20.4,17.97,23.74,1415.86,260.15,928.57,1,230.85,TR-IT-001
Mina C,2021-12-04,82.08,79.66,347.27,39065.53,243.08,9502307.03,3.21,0.7,1.04,2.99,0.5,5.88,20.47,17.98,23.82,1416.81,259.55,929.65,1,230.72,TR-IT-001
Mina C,2021-12-05,82.09,80.3,335.51,38774.61,243.49,9461134.19,3.21,0.7,1.05,3,0.5,6.08,20.48,17.85,23.83,1411.92,259.86,924.29,1,230.33,TR-IT-001
Mina C,2021-12-06,81.46,80.26,371.68,38756.3,242.52,9441086.35,3.2,0.7,1.05,2.99,0.5,5.39,20.38,17.95,23.79,1413.07,258.35,928.24,1,231.09,TR-IT-001
Mina C,2021-12-07,81.94,80.25,336.07,38716.29,242.9,9449022.97,3.2,0.7,1.05,3.01,0.5,6.15,20.36,17.97,23.7,1410.07,258.22,929.53,1,231.01,TR-IT-001
Mina C,2021-12-08,82.05,80,327.82,38748.87,243.66,9496835.96,3.21,0.7,1.05,3,0.5,6.23,20.51,17.85,23.74,1443.39,264.42,943.27,1,234.72,TR-IT-001
Mina C,2021-12-09,81.68,79.92,347.84,38887.95,244.46,9445390.87,3.2,0.7,1.04,2.99,0.5,5.81,20.42,17.91,23.9,1444.73,263.04,942.55,1,234.26,TR-IT-001
Mina C,2021-12-10,81.33,80.08,345.56,38962.24,244.01,9504245.71,3.19,0.7,1.05,3,0.5,5.66,20.43,17.95,23.9,1443.94,263.61,941.15,1,236.42,TR-IT-001
Mina C,2021-12-11,81.55,79.75,353.49,38799.1,244.32,9448720.3,3.21,0.7,1.04,2.99,0.5,5.41,20.5,17.88,23.89,1441.1,262.81,945.22,1,236.17,TR-IT-001
Mina C,2021-12-12,81.85,80.3,339.39,38923.2,244.11,9469771.8,3.22,0.71,1.05,3,0.5,5.7,20.48,17.91,23.81,1442.52,263.99,945.22,1,234.94,TR-IT-001
Mina C,2021-12-13,81.95,79.9,358.88,39035.06,244.56,9443213.53,3.21,0.7,1.05,2.99,0.5,5.33,20.38,17.99,23.74,1433.84,263.06,942.5,1,234.86,TR-IT-001
Mina C,2021-12-14,81.56,80.3,344.27,38976.2,242.86,9486346.54,3.21,0.71,1.05,2.99,0.5,5.69,20.41,17.87,23.89,1438.57,262.51,937.83,1,234.32,TR-IT-001
Mina C,2021-12-15,81.43,80.38,331.78,38710.93,244.47,9486195.86,3.21,0.7,1.05,2.99,0.5,5.93,20.44,17.98,23.68,1440.51,264.11,938.7,1,235.8,TR-IT-001
Mina C,2021-12-16,81.56,79.69,342.66,38881.23,243.6,9452607.01,3.21,0.7,1.05,3.01,0.5,5.69,20.51,17.92,23.83,1439.09,264.13,940.33,1,234.57,TR-IT-001
Mina C,2021-12-17,81.96,74.81,401.91,38967.77,244.65,9491877.76,3.22,0.7,1.04,3.01,0.5,4.81,20.44,17.9,23.7,1444.88,262.32,881.58,1,291.47,TR-IT-001
Mina C,2021-12-18,82.01,80.07,343.98,38901.69,244.15,9503847.49,3.19,0.7,1.05,2.99,0.5,5.91,20.35,17.94,23.81,1446.05,262.74,943.88,1,235.32,TR-IT-001
Mina C,2021-12-19,81.82,80.35,366.56,39047.02,243.74,9462669.28,3.21,0.7,1.05,3,0.5,5.44,20.46,17.93,23.79,1440.37,263.17,943.78,1,234.74,TR-IT-001
Mina C,2021-12-20,81.62,80.3,344.21,39036.29,243.88,9484572.04,3.2,0.7,1.05,3,0.5,5.92,20.37,17.83,23.75,1444.5,262.37,939.26,1,234.84,TR-IT-001
Mina C,2021-12-21,82.05,79.63,343.55,38816.99,243.44,9506889.91,3.21,0.7,1.05,2.99,0.5,5.94,20.42,17.95,23.81,1442.36,263.58,938.55,1,235.32,TR-IT-001
Mina C,2021-12-22,81.82,72.02,322,38866.28,242.8,9522832.08,3.2,0.7,1.04,3.01,0.5,6.43,20.47,17.87,23.84,1438.54,264.04,849.36,1,331.95,TR-IT-001
Mina C,2021-12-23,81.55,79.78,320.59,39082.07,242.84,9473861.97,3.19,0.7,1.05,3,0.5,6.45,20.35,17.88,23.79,1440.43,263.45,942.55,1,236.41,TR-IT-001
Mina C,2021-12-24,81.69,79.65,337.88,38729.74,243.92,9458916.39,3.2,0.7,1.05,3,0.5,5.68,20.47,17.91,23.79,1443,263.13,943.63,1,236.11,TR-IT-001
Mina C,2021-12-25,81.79,79.86,343.34,38865.38,242.74,9473304.79,3.2,0.7,1.05,3,0.5,5.64,20.55,17.9,23.81,1445.93,264.34,938.09,1,234.56,TR-IT-001
Mina C,2021-12-26,82.08,79.71,346.86,38816.92,244.08,9478986.82,3.19,0.7,1.05,2.99,0.5,5.54,20.49,17.88,23.9,1435.44,262.7,937.39,1,236.36,TR-IT-001
Mina C,2021-12-27,81.42,80.24,332.55,39040.2,244.89,9461267,3.21,0.71,1.05,3.01,0.5,5.86,20.41,17.93,23.68,1442.95,263.99,942.52,1,235.62,TR-IT-001
Mina C,2021-12-28,81.43,79.78,312.43,39049.97,244.49,9460628.38,3.19,0.71,1.04,2.99,0.5,6.32,20.49,17.86,23.79,1446.81,263.22,940.94,1,235.45,TR-IT-001
Mina C,2021-12-29,81.41,80.39,303.82,38760.99,244.19,9512691.74,3.21,0.7,1.05,3,0.5,6.52,20.39,17.96,23.77,1437.39,262.57,940.09,1,234.95,TR-IT-001
Mina C,2021-12-30,82.06,79.77,320.04,38746.44,244.29,9447488.9,3.19,0.7,1.05,3.01,0.5,6.16,20.52,17.83,23.88,1433.92,262.99,944.15,1,236.03,TR-IT-001
Mina C,2021-12-31,81.79,80.22,335.36,38839.51,242.52,9479930.51,3.19,0.7,1.05,3,0.5,6.06,20.39,17.87,23.77,1435.12,262.26,941.75,1,235.04,TR-IT-001
