unidade,data,DF_plan,UF_plan,produtividade_plan,producao_plan,num_viagens_plan,carga_media_plan,dmt_plan,num_caminhoes_plan,HC_plan,HD_plan,HT_plan,HM_plan,HO_plan
Mina C,2019-01-01,81.65,81.02,481.61,391025.62,1634.42,242.26,4.31,48,1154.49,935.8,816.16,217.35,121.62
Mina C,2019-01-02,81.79,81.06,482.06,393327.31,1625.17,242.46,4.36,47.94,1153.36,942.36,822.03,215.65,120.54
Mina C,2019-01-03,81.45,82.55,487.64,394786.68,1614.07,243.21,4.29,48.42,1144.66,925.44,822.05,215.66,121.1
Mina C,2019-01-04,81.43,81.78,482.22,391262.03,1626.96,244.6,4.29,48.36,1160.2,942.1,818.53,217.98,121.37
Mina C,2019-01-05,81.09,81.58,488.19,394129.39,1639.58,240.79,4.29,47.59,1144.81,934.48,816.78,219.22,120.82
Mina C,2019-01-06,80.76,82.07,481.64,395737.26,1630.96,244.23,4.34,47.89,1147.04,937.54,821.79,216.74,119.91
Mina C,2019-01-07,81.03,81.44,481.92,396140.79,1637.12,240.88,4.35,47.78,1147.69,929.8,809.05,219.39,121.31
Mina C,2019-01-08,81.41,82.38,480.99,397684.63,1632.45,240.51,4.29,47.91,1155.79,943.52,809.2,218.16,121.62
Mina C,2019-01-09,81.03,81.16,484.91,393473.66,1620.17,243.6,4.29,48.4,1141.47,937.6,818.6,219.32,120.29
Mina C,2019-01-10,80.44,82.31,482.29,391594.65,1639.89,244.32,4.34,48.19,1159.54,935.51,818.61,215.24,119.55
Mina C,2019-01-11,80.43,81.25,483.13,396561.23,1634.92,242.99,4.28,48.28,1159.54,931.38,820.96,216.47,119.8
Mina C,2019-01-12,80.57,82.57,489.02,391305.8,1638.23,244.35,4.29,48.28,1145.04,928.71,818.64,216.95,121.42
Mina C,2019-01-13,81.65,82.41,485.87,393497.44,1638.34,244.1,4.29,47.77,1162.71,932.87,820,217.12,120.82
Mina C,2019-01-14,81.76,82.06,484.12,398735.95,1613.23,240.77,4.33,48.1,1148.61,928.04,816.56,217.15,121.49
Mina C,2019-01-15,80.79,81.09,481.68,394391.77,1638.9,243.23,4.36,48.06,1153.77,931.08,821.23,216.26,120.41
Mina C,2019-01-16,80.62,81.86,486.13,391831.39,1616.68,243.42,4.3,47.59,1153.38,929.81,820.92,218.68,120.36
Mina C,2019-01-17,81.82,81.82,480.82,391700.94,1634.65,241.13,4.33,48.29,1151.27,936.96,810.94,216.99,119.66
Mina C,2019-01-18,80.33,82.18,484.24,395934.81,1620.62,242.27,4.28,47.68,1154.91,931.34,811.41,219.13,120.99
Mina C,2019-01-19,81.69,82.43,482.88,393423.54,1621.03,240.8,4.3,47.95,1157.56,926.79,811.46,217.92,121.13
Mina C,2019-01-20,80.94,82.52,482.96,396685.05,1633.93,244.1,4.28,47.68,1146.68,934.16,812,217.07,119.89
Mina C,2019-01-21,81.56,82,481.51,391823.02,1640.33,243.24,4.36,48.05,1147.37,943.31,807.12,219.22,120.91
Mina C,2019-01-22,81.33,82.2,487.26,394087.94,1635.6,240.05,4.29,48,1154.07,943.1,814.03,218.16,121.13
Mina C,2019-01-23,81.3,81.48,489.29,395849.48,1625.26,240.15,4.36,47.62,1142.62,933.94,820.61,215.46,119.41
Mina C,2019-01-24,81.64,81.97,487.77,392029.5,1630.21,241.64,4.31,47.78,1155.99,926.1,813.55,215.78,120.01
Mina C,2019-01-25,81.51,81.95,480.83,396223.63,1622.28,244.25,4.32,48.25,1151.17,936.12,818.25,215.95,121.72
Mina C,2019-01-26,80.78,82.07,480.52,393999.02,1631.88,241.83,4.36,47.55,1151.48,939.11,813.79,218.19,119.61
Mina C,2019-01-27,80.56,81.51,486.3,394954.93,1629.05,244.43,4.3,48.17,1140.67,941.3,808.25,218.71,121.41
Mina C,2019-01-28,81.16,82.3,484.71,396221.4,1632.48,242.49,4.35,48.31,1150.72,942.22,806.26,219.23,120.89
Mina C,2019-01-29,80.73,82.62,486.73,395082.33,1637.8,242.58,4.29,48.37,1144.12,942.96,819.2,218.26,120.22
Mina C,2019-01-30,80.96,81.82,488.42,395033.7,1624.65,243.73,4.28,47.59,1158.05,932.39,812.97,217.8,119.94
Mina C,2019-01-31,80.87,82.21,482.27,392325.22,1623.44,243.45,4.32,48.29,1154.56,928.57,807.87,219.33,120.31
Mina C,2019-02-01,80.35,81.18,481.96,396359.7,1630.78,240.58,4.34,48.33,1160.31,942.83,809.73,217.95,120.43
Mina C,2019-02-02,80.39,82.58,483.98,395484.82,1643.84,243.14,4.36,48.36,1160.88,930.34,812.33,215.64,120.33
Mina C,2019-02-03,80.9,81.12,488.47,396100.99,1619.3,241.82,4.29,48.38,1153.8,941.28,806.68,218.31,121.22
Mina C,2019-02-04,81.56,81.14,483.82,397785.03,1619.31,243.03,4.34,47.62,1147.88,932.33,816.37,215.29,121.57
Mina C,2019-02-05,81.48,82.35,486.5,394497.68,1620.81,242.85,4.34,47.8,1143.91,934.02,810.26,218.48,121.31
Mina C,2019-02-06,80.76,81.33,486.45,392234.88,1627.71,243.8,4.31,48.46,1149.58,925.72,819.58,217.9,121.37
Mina C,2019-02-07,81.31,81.71,485.36,393495.94,1625.76,240.94,4.33,47.76,1140.79,939.65,813.89,216.73,121.59
Mina C,2019-02-08,80.42,81.18,482.68,398551.87,1643.51,241,4.36,47.88,1140.94,941.64,808.84,215.77,120.12
Mina C,2019-02-09,81.23,81.86,488.76,394542.57,1618.89,241.75,4.34,48.24,1162.38,943.94,816.38,218.72,121.35
Mina C,2019-02-10,81.85,81.32,480.72,392890.3,1632.42,242.66,4.35,48.02,1155.56,939.68,809.74,217.73,120.88
Mina C,2019-02-11,81.68,81.33,486.67,392507.07,1627.09,241.81,4.33,48.23,1159.31,932.14,813.14,217.3,120.11
Mina C,2019-02-12,80.99,81.72,487.86,396784.55,1616.17,241.96,4.3,48.12,1145.14,928.46,820.63,218.7,120.62
Mina C,2019-02-13,80.96,81.31,481.73,394174.66,1631.27,244.17,4.35,48.25,1158.24,936.5,821.45,217.38,121.12
Mina C,2019-02-14,81.8,82.02,481.51,395674.96,1636.13,240.15,4.33,47.75,1159.24,929.11,819.51,215.55,121.29
Mina C,2019-02-15,81.63,82.06,482.52,398310.31,1642.6,240.23,4.36,47.56,1152.1,930.94,811.5,216.27,120.34
Mina C,2019-02-16,80.94,81.59,487.49,395502.28,1622.13,244.03,4.36,48.01,1155.56,925.83,819.07,215.89,120.34
Mina C,2019-02-17,81.39,81.92,485,395862.87,1617.59,242.39,4.33,48.1,1162.15,943.94,813.54,217.59,121.77
Mina C,2019-02-18,80.84,81.4,481.86,396118.28,1645.11,243.39,4.31,47.91,1158.69,927.3,812.67,219.45,121.45
Mina C,2019-02-19,81.28,82.4,486.7,393658.29,1614.17,241.36,4.35,47.69,1156.74,930.51,811.46,216.83,119.66
Mina C,2019-02-20,81.83,82.45,481.79,397800.52,1637.87,240.49,4.32,48.08,1142.17,933.85,814.91,219.34,121.44
Mina C,2019-02-21,81.54,81.64,488.85,394931.43,1613.2,240.73,4.32,48.17,1155.42,938.44,814.21,215.28,120.83
Mina C,2019-02-22,81.69,81.1,480.29,393203.6,1617.21,240.96,4.3,48.2,1152.93,929.57,821.28,218.9,120.37
Mina C,2019-02-23,80.95,82.55,486.53,398479.72,1637.02,243.51,4.29,48.09,1144.92,926.5,816.83,219.5,119.86
Mina C,2019-02-24,81.2,81.23,486.76,396093.59,1639.84,243.72,4.32,48.34,1159.31,942.03,816.77,216.62,120.08
Mina C,2019-02-25,80.64,82.59,484.59,394494.96,1615.76,242.84,4.3,48.43,1162.9,929.83,811.06,217.84,121.26
Mina C,2019-02-26,81.87,82.5,480.93,394786.05,1636.74,239.98,4.32,48.2,1144.34,939.91,815,219.19,120.69
Mina C,2019-02-27,81.57,82.15,488.1,396675.96,1622.39,240.52,4.28,47.68,1150.42,935.11,815.23,217.67,120.92
Mina C,2019-02-28,80.5,82.17,484.9,396228.07,1632.61,240.72,4.32,48.44,1150.57,932.73,814.17,216.86,120.11
Mina C,NA,80.93,81.53,486.74,395114.25,1625.41,243.19,4.29,48.45,1154.92,926.96,813.28,218.9,121.04
Mina C,2019-03-01,81.74,81.32,480.69,393791.99,1641.26,241.61,4.32,47.81,1158.71,928.16,812.52,215.27,119.64
Mina C,2019-03-02,81.55,81.86,480.58,396642.89,1616.24,244.56,4.36,47.65,1159.48,927.56,810.29,218.19,120.09
Mina C,2019-03-03,80.98,81.31,489.76,398374.88,1618.6,243.04,4.33,48.36,1148.91,926.92,814.26,216.24,119.85
Mina C,2019-03-04,80.86,81.49,482.66,395571.34,1624.17,243.36,4.33,47.75,1155.97,941.54,821.73,216.63,119.63
Mina C,2019-03-05,81.59,82.16,480.88,392696.92,1637.36,241.47,4.29,48.38,1154.29,931.27,807.64,218.42,121.3
Mina C,2019-03-06,80.38,81.13,488.27,396203.33,1613.32,242.68,4.35,47.99,1156.52,934.37,812.14,218.74,121.63
Mina C,2019-03-07,81.66,82.26,482,394419.59,1636.04,242.75,4.33,48.41,1157.57,933.91,815.29,217.43,119.53
Mina C,2019-03-08,80.79,81.75,485.74,397778.23,1614.26,241.95,4.3,48.04,1143.53,936.21,810.59,218.81,120.11
Mina C,2019-03-09,81.87,82.43,484.18,390888.85,1617.42,241.09,4.28,48.23,1160.09,925.76,808.84,218.06,120.33
Mina C,2019-03-10,81.35,82.17,486.53,398017.86,1624.52,244.56,4.35,48.3,1141.8,933.42,817.56,218.75,120.03
Mina C,2019-03-11,80.52,82.39,486.36,396026.49,1633.84,241.31,4.32,48.04,1157.76,937.53,813.53,216.43,120.34
Mina C,2019-03-12,81.23,81.39,486.95,398364.44,1631.95,244.51,4.32,48.11,1156.32,942.02,821.71,218.92,119.72
Mina C,2019-03-13,80.78,81.24,484.09,396090.5,1620.54,243.61,4.32,47.66,1146.1,935.61,810.68,215.78,119.7
Mina C,2019-03-14,81.49,82.44,482.78,394010.58,1633.8,243.69,4.3,48.36,1150.32,934.44,819.75,216.98,119.7
Mina C,2019-03-15,81.22,81.07,483.47,391312.51,1635.09,241.62,4.35,47.81,1162.31,938.69,811.04,216.97,120.32
Mina C,2019-03-16,80.35,82.39,487.53,394362.56,1631.2,242.23,4.34,48.36,1140.7,943.47,808.03,218.12,119.49
Mina C,2019-03-17,81.29,81.67,483.2,396127.11,1632.14,243,4.31,48.05,1157.96,931.24,819.72,219.44,121.54
Mina C,2019-03-18,80.91,82.11,489.52,391124.46,1630.32,242.81,4.34,47.56,1154.5,933.61,809.87,217.76,120.19
Mina C,2019-03-19,81.71,81.25,489.13,391404.43,1640.69,241.25,4.32,48.24,1141.6,938.69,817.67,218.14,120.99
Mina C,2019-03-20,80.98,81.52,482.83,394762.11,1619.52,240.79,4.31,47.53,1160.89,940.32,812.88,218.46,120.55
Mina C,2019-03-21,80.97,82.23,484.36,392911.3,1622.24,241.92,4.3,47.52,1145.84,928.82,812.23,215.7,120.35
Mina C,2019-03-22,81.27,81.98,483.67,393724.27,1626.45,241.38,4.36,48.39,1159.54,943.71,806.68,218.91,120.28
Mina C,2019-03-23,81.39,81.25,484.03,394288.33,1615.19,243.56,4.35,48.07,1160.08,937.02,816.45,217.29,121.53
Mina C,2019-03-24,81.77,82.6,485.01,392802.74,1619.2,241.99,4.31,48.44,1154.29,931.08,806.22,219.2,120.9
Mina C,2019-03-25,81.93,81.72,486.82,397598.58,1643.53,242.57,4.35,47.63,1149.12,928.76,821.35,217.85,121.38
Mina C,2019-03-26,81.43,81.12,480.64,393559.55,1641.48,242.73,4.36,48,1157.66,933.51,812.22,215.4,120.24
Mina C,2019-03-27,80.59,81.86,484.77,396525.23,1613.89,244.68,4.35,47.91,1153.88,933.74,806.35,218.94,120.31
Mina C,2019-03-28,81.71,81.65,480.55,394687.14,1614.03,240.19,4.34,48.31,1161.28,936.58,809.75,217.7,119.81
Mina C,2019-03-29,81.65,82.13,485.36,398189.34,1638.27,239.94,4.34,47.91,1158.08,941.59,807.78,217.14,120.08
Mina C,2019-03-30,81.79,81.47,487.92,391605.67,1619.24,241.41,4.36,48.32,1154.14,933.49,816.82,216.14,119.76
Mina C,2019-03-31,80.77,81.65,489.71,390948.2,1633.23,240.96,4.29,47.91,1160.92,935.75,812.01,218.43,119.72
Mina C,2019-04-01,81.15,81.21,480.83,391820.8,1613.17,241.22,4.35,47.57,1141.21,932.22,818.25,218.36,121.52
Mina C,2019-04-02,81.66,81.12,483.29,398067.5,1619.57,242.43,4.31,48.17,1159.44,928.26,818.22,215.72,120.03
Mina C,2019-04-03,81.38,81.73,486.2,396841.13,1625.55,243.26,4.3,48.34,1140.59,931.67,814.41,215.67,120.67
Mina C,2019-04-04,80.43,81.63,480.84,398401.43,1624.11,240.9,4.32,47.97,1155.02,942.83,821.36,218.05,119.64
Mina C,2019-04-05,81.56,81.56,487.6,397663.16,1642.34,240.25,4.35,47.55,1157.8,941.24,820.82,218.47,119.91
Mina C,2019-04-06,81.74,81.31,487.09,393454.42,1634.76,241.16,4.36,48.06,1148.49,933.45,815.13,218.5,120.81
Mina C,2019-04-07,81.82,82.19,481.14,393539.55,1628.78,240.86,4.34,48.04,1159.1,930.89,812.79,219.14,121.42
Mina C,2019-04-08,80.34,81.73,488.77,397430.94,1644.38,244.15,4.31,47.71,1155.99,925.72,815.11,216.97,121.4
Mina C,2019-04-09,81.86,81.13,481.17,397381.67,1626.95,244.29,4.33,47.73,1146.27,931.33,808.18,218.9,121.59
Mina C,2019-04-10,80.58,81.24,482.81,394378.2,1638.12,241.77,4.33,47.92,1163.22,931.92,808.92,217.11,121
Mina C,2019-04-11,81.22,82.09,488.59,395606.17,1634.52,241.08,4.33,47.89,1144.27,931.86,813.22,217.44,121.49
Mina C,2019-04-12,81.22,81.76,486.45,392203.57,1631.58,240.47,4.31,48.35,1149.81,937.55,815.18,215.55,120.19
Mina C,2019-04-13,81.21,81.64,484.83,397878.45,1615.43,243.73,4.34,47.61,1161.01,926.77,813,217.95,120.59
Mina C,2019-04-14,81.23,82.39,485.41,393384.7,1637.56,240.98,4.32,48.33,1141.17,938.85,817.47,217.65,121.48
Mina C,2019-04-15,81.57,81.66,481.73,393329.48,1622.48,240.54,4.34,48.02,1143.67,932.16,810.21,215.4,120.08
Mina C,2019-04-16,80.44,82.45,489.62,393680.96,1618.16,242.77,4.34,47.89,1162.14,943.05,813.26,218.51,120.97
Mina C,2019-04-17,81.38,81.75,481.81,392748.62,1629.51,241.03,4.31,48.11,1144.78,933.57,808.03,217.23,119.51
Mina C,2019-04-18,81.64,81.29,485.17,397440.48,1633.17,243.99,4.29,48.03,1159.19,943.84,807.49,217.41,121.37
Mina C,2019-04-19,80.72,81.74,481.71,390885.59,1623.91,243.63,4.36,47.81,1154.99,939.73,820.48,219.17,120.28
Mina C,2019-04-20,81.81,81.23,481.78,394045.39,1617.48,240.22,4.34,47.69,1153.98,930.03,819.08,218.57,119.56
Mina C,2019-04-21,81.7,81.54,488.19,392383.85,1637.92,240.12,4.31,47.98,1152.01,942.81,811.37,218.88,120.98
Mina C,2019-04-22,81.07,81.15,485.37,395382.93,1634.01,242.4,4.35,47.82,1149.37,940.87,812.81,218.3,121.08
Mina C,2019-04-23,81.26,81.46,481.63,393839.39,1618.67,242.78,4.36,48.43,1140.91,943.61,810.49,216.13,120.31
Mina C,2019-04-24,81.08,81.44,482.41,395625.15,1623.72,243.46,4.34,48.21,1146.41,941.5,810.94,219.34,120.36
Mina C,2019-04-25,80.37,81.92,483.78,391732.59,1625.09,241.91,4.32,47.64,1146.65,941.15,809.64,219.07,120.43
Mina C,2019-04-26,80.79,81.55,488.87,396119.09,1614.1,243.07,4.35,48.23,1151.09,934.64,817.57,215.95,121.51
Mina C,2019-04-27,81.35,82.57,485.48,393871.59,1642.4,241.1,4.33,48.41,1159.02,934.54,812.07,218.33,121.59
Mina C,2019-04-28,80.37,81.8,489.58,391272.22,1625.38,243.93,4.34,48.11,1156.88,935.68,809.56,218.79,121.77
Mina C,2019-04-29,81.12,81.89,488.29,396691.63,1630.63,244.16,4.31,47.74,1158.8,935.11,818.87,215.59,119.91
Mina C,2019-04-30,81.12,82.19,486.49,393016.16,1621.21,240.84,4.36,47.83,1148.09,927.92,807.72,219.29,119.81
Mina C,2019-05-01,81.55,82.57,484.5,391763.5,1626.67,243.08,4.31,47.75,1151.08,940.64,809.79,216.18,121.28
Mina C,2019-05-02,80.32,81.83,482.58,391989.47,1608.11,241.58,4.31,48.35,1153.9,926.11,812.47,218.04,120.35
Mina C,2019-05-03,80.5,82.33,487.97,391135.85,1630.8,241.1,4.3,48.39,1142.93,936.14,810.51,216.74,121.63
Mina C,2019-05-04,81.25,82.6,481.66,396390.56,1612.96,244.41,4.28,48.45,1143.58,943.86,816.3,218.89,119.75
Mina C,2019-05-05,80.75,82.31,485,396194.61,1631.95,245.4,4.34,47.95,1152.64,933.54,807.44,216.42,120.52
Mina C,2019-05-06,80.45,82.03,481.65,398002.63,1614.51,243.79,4.32,48.21,1143.05,929.53,815.24,217.8,121.18
Mina C,2019-05-07,81.79,82.2,481.41,396945.11,1634.35,243.73,4.32,47.9,1157.57,930.8,807.39,216.02,120.76
Mina C,2019-05-08,80.5,81.94,484,393078.13,1610.79,243.07,4.29,47.86,1148.17,942.83,818.91,217.94,120.34
Mina C,2019-05-09,80.49,82.02,483.84,396342.12,1634.21,243.76,4.36,47.59,1155.77,933.85,812.57,216.4,120.49
Mina C,2019-05-10,80.58,81.15,484.56,396327.28,1628.99,242.25,4.28,47.67,1140.75,938.93,813.25,217.03,120.52
Mina C,2019-05-11,81.46,82.45,487.13,397662.39,1608.21,244.27,4.34,48.34,1151.52,940.22,817.17,218.7,120.69
Mina C,2019-05-12,81.14,81.75,488.79,394355.05,1630,244.98,4.36,47.96,1156.95,934.95,807.01,217.67,121.27
Mina C,2019-05-13,81.13,82.4,482.14,392970.91,1615.62,245.02,4.29,48.3,1155.62,929.39,816.52,216.89,121.28
Mina C,2019-05-14,80.77,81.55,488.23,398392.41,1637.54,240.89,4.36,47.56,1147.31,932.17,808.56,216.22,120.75
Mina C,2019-05-15,81.18,82.05,486.68,398582.93,1619.04,243.75,4.31,48.45,1144.4,937.42,811.02,215.56,120.03
Mina C,2019-05-16,80.33,81.94,489.6,394372.08,1624.66,241.05,4.28,48.03,1141.16,934.57,812.65,218.37,120.28
Mina C,2019-05-17,81.44,81.45,483.63,398682.71,1627.6,240.86,4.29,47.67,1148.2,935.99,818.62,218.61,120.72
Mina C,2019-05-18,80.32,81.89,481.73,398746.85,1617.12,244.2,4.31,48.24,1142.98,930.58,812.47,218.93,119.73
Mina C,2019-05-19,80.71,81.16,487.35,396400.47,1629.95,245.44,4.34,47.95,1140.55,931.61,818.62,216.88,119.69
Mina C,2019-05-20,80.81,82.18,483.89,397004.77,1610.37,245.21,4.32,47.66,1155.58,937.13,818.47,216.91,121.29
Mina C,2019-05-21,81.87,81.03,482.5,398345.51,1638.47,241.12,4.28,47.65,1142.77,942.35,820.05,217.04,119.8
Mina C,2019-05-22,81.23,82.14,482.99,396293.66,1633.83,241.9,4.35,47.55,1144.59,935.5,819.21,216.48,121.15
Mina C,2019-05-23,80.47,82.4,487.47,396422.34,1619.67,241.96,4.33,47.64,1162.86,935.42,814.81,217.04,121.15
Mina C,2019-05-24,81.22,82.1,486.8,390919.76,1633.51,244.6,4.31,47.89,1154.37,934.98,809.11,216.32,120.21
Mina C,2019-05-25,81.04,82.55,482.46,393743.06,1616.99,244.38,4.34,47.88,1158.61,933.57,811.47,215.32,121
Mina C,2019-05-26,81.35,81.55,489.09,396545.84,1624.88,243.09,4.33,47.52,1158.59,926.99,821.12,216.2,121.41
Mina C,2019-05-27,80.66,82.12,483.21,394818.64,1633.29,241.03,4.3,47.57,1140.76,930.69,808.77,217.06,120.95
Mina C,2019-05-28,80.68,81.05,481.47,394911.66,1635.38,244.79,4.32,47.9,1152.09,930.85,815.07,218.78,120.95
Mina C,2019-05-29,81.34,82.01,484.05,395396.71,1629.1,243.41,4.32,47.71,1144.42,937.56,810.03,215.23,120.54
Mina C,2019-05-30,80.98,82.03,480.45,392189.18,1626.93,242.88,4.33,47.81,1143.71,941.05,807.24,218.73,120.19
Mina C,2019-05-31,81.02,81.81,484.64,397605.3,1613.49,240.84,4.29,48.32,1149.46,940.62,815.33,216.24,120.29
Mina C,2019-06-01,80.35,81.28,487.85,396380.88,1635.19,244.79,4.31,47.86,1146.25,929.69,809.68,216.16,120.24
Mina C,2019-06-02,81.26,81.14,482.81,392367.53,1612.21,240.84,4.3,48.33,1162.14,935.34,816.43,218.8,121.06
Mina C,2019-06-03,80.73,81.3,481.73,396411.22,1628.86,240.81,4.36,47.68,1154.96,935.33,806.19,218.16,120.79
Mina C,2019-06-04,81.39,81.83,484.05,394237.52,1620.1,242.37,4.32,48.23,1158.63,938.31,821.98,217.49,119.76
Mina C,2019-06-05,81.04,81.15,484.81,398695.79,1611.79,241.22,4.28,47.82,1158.2,929,806.58,215.82,120.98
Mina C,2019-06-06,80.79,82.59,483.55,390872.87,1623.97,241.15,4.28,48.05,1152.04,929.5,811.6,215.42,121.39
Mina C,2019-06-07,81.41,81.27,483.75,392260.2,1619.8,243.65,4.34,48.26,1145.47,933.9,818.86,218.16,120.9
Mina C,2019-06-08,81.86,81.04,484.11,392458.91,1634.8,245.34,4.29,47.53,1152.19,927.79,813.46,219.09,120.11
Mina C,2019-06-09,80.91,81.1,484.91,391033.67,1630.9,242.17,4.34,47.62,1157.48,934.41,812.15,217.38,119.94
Mina C,2019-06-10,81.8,82.47,489.64,394542.23,1627.35,243.83,4.36,47.97,1149.16,935.92,807.06,217.41,120.83
Mina C,2019-06-11,81.42,81.05,487.84,397292.7,1619.8,244.09,4.31,48.03,1155.1,928.77,815.48,215.52,120.89
Mina C,2019-06-12,81.3,81.17,488.58,395536.59,1634.08,242.28,4.3,47.83,1149.65,931.96,818.17,216.77,119.8
Mina C,2019-06-13,80.42,82.55,481.39,395133.07,1627.81,241.15,4.28,47.89,1162.75,927.59,810.45,218.19,119.76
Mina C,2019-06-14,81.24,82.25,484.76,394916.38,1613.3,241.24,4.34,47.66,1149.18,933.75,810.57,216.44,119.72
Mina C,2019-06-15,81.13,82.36,485.27,393292.33,1625.13,241.75,4.29,48.13,1153.11,943.41,814.26,215.32,119.84
Mina C,2019-06-16,80.79,81.96,489.39,397966.92,1610.43,243.34,4.28,47.66,1144.22,934.91,806.14,215.5,119.72
Mina C,2019-06-17,81.57,81.83,486.85,392729.94,1636.54,241.91,4.36,48.1,1154.32,939.74,817.22,217.11,119.49
Mina C,2019-06-18,80.79,81.44,481.59,396988.31,1633.4,244.21,4.36,47.62,1141.57,943.13,810.06,218.35,120.61
Mina C,2019-06-19,81.28,82.33,489,397391.11,1614.94,245.37,4.33,47.68,1151.62,929.55,815.93,216.8,120.15
Mina C,2019-06-20,80.61,82.59,485.67,391004.16,1633.64,244.91,4.28,48.06,1149.1,929.42,812.66,217.41,121.32
Mina C,2019-06-21,81.94,81.1,483.32,392726.88,1627.51,243.72,4.32,48.17,1146.06,940.35,810.76,217.04,119.45
Mina C,2019-06-22,80.8,81.1,483.31,391410.48,1635.41,241.86,4.33,47.99,1143.07,925.76,807.81,218.09,120.75
Mina C,2019-06-23,80.9,81.98,488.03,390925.16,1638.33,245.1,4.32,48.35,1163.44,939.43,807.12,216.79,120.13
Mina C,2019-06-24,80.41,81.65,486.42,394582.61,1630.07,245.09,4.36,48.09,1158.52,940.63,817.38,215.74,120.26
Mina C,2019-06-25,80.54,82.19,482.47,396159.53,1621.42,241.59,4.36,48.01,1157.7,928.18,810.27,218,120.97
Mina C,2019-06-26,80.69,82.61,480.77,398703.3,1632.84,240.8,4.33,47.71,1150.22,934.75,818.26,218.93,121.26
Mina C,2019-06-27,81.75,81.57,486.88,397852.89,1631.62,241.52,4.33,47.94,1162.47,939.88,810.89,215.48,120.53
Mina C,2019-06-28,80.99,82.22,487.11,394013.87,1624.68,241.95,4.33,48.46,1163.37,925.52,813.95,216.24,119.82
Mina C,2019-06-29,80.56,81.63,483.62,392982.42,1633.94,245.12,4.32,48.04,1144.14,936.77,820.53,218.63,121.14
Mina C,2019-06-30,80.34,82.44,483.95,396893.57,1634.85,244.96,4.32,48.26,1157.69,936.33,810.37,217.7,120.71
Mina C,2019-07-01,81.72,81.28,481.17,392635.04,1615.89,243.9,4.31,48.33,1149.31,935.2,812.25,218.22,121.21
Mina C,2019-07-02,81.36,82.49,484.08,397344.36,1624.12,243.98,4.28,47.69,1150.63,930.2,821.91,216.43,119.77
Mina C,2019-07-03,81.53,81.96,485.46,393945.29,1610.13,243.15,4.29,48.09,1150.54,925.96,819.45,217.9,120.38
Mina C,2019-07-04,81.81,81.85,485.61,394155.58,1613.97,243.94,4.31,48.38,1154.51,942.06,818.6,216.33,120.17
Mina C,2019-07-05,81.83,81.55,483.13,397513.85,1631.79,244.72,4.32,47.77,1154.67,941.47,817.32,218.3,120.18
Mina C,2019-07-06,81.35,82.42,486.99,391047.48,1635.12,244.97,4.3,47.73,1160.83,940.73,811.31,216.74,120.3
Mina C,2019-07-07,81.92,82.19,484.39,395740.39,1622.87,242.39,4.36,48.41,1154.07,936.11,821.31,219.11,119.48
Mina C,2019-07-08,81.06,82.16,483.05,393130.97,1606.63,241.76,4.29,48.32,1160.32,930.95,807.59,219.38,119.45
Mina C,2019-07-09,81.22,81.82,486.65,395224.83,1623.59,242.13,4.32,48.28,1149.73,935.43,818.77,218.46,121.24
Mina C,2019-07-10,81.36,81.1,480.6,391462.3,1624.62,243.31,4.34,48.3,1145.26,929.89,808.27,217.46,120.68
Mina C,2019-07-11,80.43,82.23,484,393259.11,1634.95,242.45,4.34,47.55,1145.75,929.6,816.13,217.03,120.05
Mina C,2019-07-12,81.84,81.71,485.08,391225.51,1633.55,245.46,4.29,47.92,1160.1,943.31,806.13,219.04,121.41
Mina C,2019-07-13,81.5,81.27,483.78,396154.72,1612.87,245.74,4.3,47.93,1143.29,939.21,811.85,218.81,120.69
Mina C,2019-07-14,80.32,81.18,480.32,391505.98,1632.14,244.02,4.28,47.81,1153.67,931.85,807.72,215.78,120.08
Mina C,2019-07-15,80.9,81.04,482.69,393089.11,1615.46,242.67,4.33,48.11,1152.58,942.12,819.93,215.46,120.76
Mina C,2019-07-16,81.33,82.19,483.72,398022.11,1633.36,242.42,4.3,47.64,1162.09,929.82,816.1,219.33,121.53
Mina C,2019-07-17,80.82,82.35,486.58,397648.36,1634.78,241.96,4.29,47.76,1141.81,940.13,816.1,216.66,119.92
Mina C,2019-07-18,81.76,82.48,486.56,396777.6,1624.54,244.58,4.32,48.06,1146.56,935.74,808.09,219.03,121.2
Mina C,2019-07-19,80.87,81.45,483.5,391007.95,1608.74,244.92,4.34,47.88,1150.19,940.12,821.17,218.03,120.74
Mina C,2019-07-20,80.47,82.56,484.74,394692.85,1604.91,244.34,4.34,48.2,1161.39,931.56,814.54,215.72,121.24
Mina C,2019-07-21,80.43,82.29,480.25,398718.29,1619.14,242.53,4.29,48.32,1144.41,940.91,820.42,218.66,120.94
Mina C,2019-07-22,80.81,81.8,487.96,395031.49,1633.79,241.7,4.34,47.89,1147.55,938.15,813.63,217.29,119.57
Mina C,2019-07-23,80.85,81.17,485.43,394164.38,1619.19,245.85,4.35,47.61,1160.44,941.89,813.93,217.1,120.09
Mina C,2019-07-24,81.66,81.19,485.4,394931.99,1623.23,245.23,4.35,48.05,1159.86,938.35,818.05,218.86,120.76
Mina C,2019-07-25,80.46,81.21,486.11,392931.4,1607.02,244.92,4.29,47.61,1150.16,930.24,810.61,219.24,121.25
Mina C,2019-07-26,80.87,81.93,488.05,391832.02,1620.95,242.47,4.3,47.73,1161.69,941.81,818.38,215.33,121.57
Mina C,2019-07-27,81.56,82.47,484.01,394929.79,1627.61,242.93,4.34,48.08,1153.77,925.6,820.06,219.03,121.05
Mina C,2019-07-28,81.27,81.56,486.23,394002.32,1610.24,243.29,4.28,47.74,1141.28,937.99,819.69,216.7,119.91
Mina C,2019-07-29,80.57,81.51,480.72,397223.43,1625.33,244.17,4.35,48.39,1160.36,929.41,807.21,217.18,121.57
Mina C,2019-07-30,80.85,81.54,486.41,391108.8,1631.66,244.55,4.29,48.05,1151.15,939.69,813.58,215.82,119.51
Mina C,2019-07-31,80.49,81.48,484.99,398227.89,1624.65,244.61,4.31,48.4,1157.3,938.34,811.35,216.97,119.72
Mina C,2019-08-01,80.68,81.96,487.17,398639.35,1605.79,247.03,4.34,47.97,1145.19,936.22,815.82,218.33,121.06
Mina C,2019-08-02,80.93,81.61,488.78,398381.59,1619.53,243.1,4.3,48.33,1151.34,931.36,807.92,219.25,121.7
Mina C,2019-08-03,80.96,81.48,484.34,392344.88,1603.07,242.59,4.33,47.75,1163.08,927.47,814.78,215.8,119.84
Mina C,2019-08-04,81.04,82.43,485.45,391332.72,1611.48,243.54,4.32,48.02,1161.74,937.7,809.36,215.21,121.17
Mina C,2019-08-05,80.77,81.79,483.94,391194.18,1597.21,245.2,4.34,47.82,1162.8,940.73,813.77,215.42,119.49
Mina C,2019-08-06,81.63,82.28,488.71,394458.39,1624.29,243.45,4.32,47.56,1159.65,928,816.26,216.48,120.67
Mina C,2019-08-07,81.32,81.78,485.52,391796.85,1604.67,245.57,4.32,48.44,1148.4,930.67,808.45,215.87,120.72
Mina C,2019-08-08,81.33,82.08,481.14,394795.18,1622.36,247.01,4.31,48.28,1156.08,929.51,813.67,215.4,120.84
Mina C,2019-08-09,80.71,82.09,488.59,395759.02,1627.93,244.85,4.29,48.11,1141.45,926.87,818.1,217.19,121.5
Mina C,2019-08-10,80.53,81.59,489.35,392670.55,1612.68,246.88,4.36,48.46,1150.2,934.76,810.27,217.47,120.78
Mina C,2019-08-11,80.56,81.49,480.42,393099.67,1603.24,245.27,4.32,48.48,1160.47,934.03,809.44,218.34,120.37
Mina C,2019-08-12,81.51,82.4,484.02,394170.32,1617.8,245.72,4.29,47.96,1161.33,941.59,811.13,217.05,120.57
Mina C,2019-08-13,80.34,82.22,488.02,391791.9,1610.57,246.58,4.3,47.56,1163.08,938.61,818.46,215.8,119.96
Mina C,2019-08-14,80.52,82.1,483.55,398474.38,1604.9,243.94,4.36,48.35,1152.21,932.4,820.79,217.88,120.86
Mina C,2019-08-15,80.98,82.07,484.02,395822.52,1602.16,243.65,4.31,47.63,1147.89,928.27,811.64,219.46,121.53
Mina C,2019-08-16,81.89,81.76,482.02,392894.18,1609.82,244.47,4.33,48.19,1147.56,927.74,815.21,219.5,121.02
Mina C,2019-08-17,80.41,81.91,489.44,394752.28,1614.06,246.74,4.36,47.57,1154.76,926.12,809.25,218.95,121.7
Mina C,2019-08-18,81.36,81.61,484.23,398266.14,1623.21,245.88,4.31,47.64,1157.37,928.27,808.44,217.3,120.56
Mina C,2019-08-19,80.53,81.26,484.43,394328.01,1602.68,242.57,4.35,47.66,1154.48,938.24,811.58,215.74,120.55
Mina C,2019-08-20,81.91,81.34,484.8,397027.38,1614.34,245.32,4.3,47.55,1140.91,939.33,818.45,216.73,121.39
Mina C,2019-08-21,81.68,82.65,484.66,393236.03,1599.05,243.39,4.34,47.91,1146.47,939.69,819.21,219.47,119.49
Mina C,2019-08-22,81.87,81.96,486.49,391114.18,1606.09,242.65,4.29,48.1,1148.8,925.75,822.1,218.99,120.06
Mina C,2019-08-23,81.63,82.64,481.4,395450.98,1619.33,246.48,4.3,47.78,1159.51,939.13,814.06,217.43,121.45
Mina C,2019-08-24,81.33,82.12,484.74,392044.91,1621.14,242.51,4.31,47.71,1158.69,939.93,812.63,215.38,120.43
Mina C,2019-08-25,80.37,82.47,488.28,392792.65,1611.3,242.42,4.35,48.01,1159.54,930.44,813.92,218.02,119.7
Mina C,2019-08-26,80.86,82.01,486.34,396994.51,1597.69,246.1,4.28,47.68,1141.4,939.6,806.67,217.23,121.59
Mina C,2019-08-27,81.04,81.06,482.6,397941.27,1619.23,244,4.35,48.01,1150.43,938.41,820.54,215.76,120.45
Mina C,2019-08-28,80.46,81.24,488.42,391044.85,1614.21,242.62,4.3,47.74,1159.99,934.04,810.59,218.39,120.82
Mina C,2019-08-29,81.2,82,488.69,394808.14,1616.72,243.56,4.34,48.15,1160.41,928.94,808.96,216.75,121.53
Mina C,2019-08-30,80.89,81.55,480.76,394283.8,1627.49,242.75,4.34,48.02,1162.94,931.15,808,217.68,119.86
Mina C,2019-08-31,80.62,81.54,488.08,393090.92,1629.18,242.86,4.28,47.52,1155.66,930.94,814.55,215.3,121.61
Mina C,2019-09-01,80.41,81.86,485.09,395720.59,1619.41,244.32,4.28,48.15,1158.83,938.78,819.64,217.91,120.91
Mina C,2019-09-02,81.22,81.47,480.5,396733.14,1606.04,246.17,4.32,48.43,1152.55,941.05,810.23,217.83,119.87
Mina C,2019-09-03,81.92,81.71,484.45,395072.62,1626.23,243.57,4.3,47.95,1163.17,934.37,809.8,216.36,120.63
Mina C,2019-09-04,80.9,82.17,481.06,392619.67,1625.17,242.76,4.33,48.19,1163.01,926.39,814.99,216.69,119.44
Mina C,2019-09-05,81.01,81.08,482.11,396144.46,1631.04,245.53,4.33,47.78,1143.15,929.53,807.84,217.66,119.74
Mina C,2019-09-06,81.62,82.49,483.95,392186.97,1624.3,244.63,4.31,47.95,1155.91,932.26,810.91,218.1,120.45
Mina C,2019-09-07,81.06,82.51,482.48,394974.79,1599.95,245.6,4.34,48.33,1156.12,928.81,810.86,219.37,119.81
Mina C,2019-09-08,81.05,81.24,489.05,391686.13,1607.31,244.04,4.32,47.95,1155.31,934.86,807.68,219.15,120.33
Mina C,2019-09-09,80.73,82.23,489.71,397911.68,1601.72,243.81,4.33,48.25,1157,930.47,821.24,215.34,121.77
Mina C,2019-09-10,81.36,82.27,485.02,398663.91,1625.84,244.99,4.36,48.2,1162.07,934.25,818.46,216.41,121.76
Mina C,2019-09-11,80.62,81.6,480.9,397100.41,1607.97,246.16,4.3,48.47,1147.84,929.34,821.86,216.68,119.72
Mina C,2019-09-12,80.44,82.07,486.03,391930.09,1626.26,245.24,4.32,48,1145.93,928.42,811.32,217.07,120.24
Mina C,2019-09-13,81.77,82.56,482.94,391641.42,1622.93,242.03,4.35,48.42,1160.92,939.43,818.4,216.38,121.02
Mina C,2019-09-14,81.34,82.35,483.19,398567.42,1615.5,244.53,4.3,48.43,1144.81,936.3,818.59,215.81,120.67
Mina C,2019-09-15,81,82.11,489.67,397829.72,1602.61,243.93,4.29,48.2,1144.25,928.96,808.06,217.97,119.79
Mina C,2019-09-16,81.29,81.05,484.08,391172.88,1615.33,243.45,4.36,47.66,1151.52,943.78,817.64,217.76,121.38
Mina C,2019-09-17,81.6,81.39,481.62,398248.49,1625.89,244.2,4.29,47.58,1142.26,939.41,810.65,218.52,121.44
Mina C,2019-09-18,80.42,81.87,485.35,391728.13,1606.22,245.58,4.34,47.85,1153.25,932.72,813.74,219.53,119.9
Mina C,2019-09-19,81.17,81.24,483.77,391232.72,1602.46,241.96,4.32,48.02,1158.86,941.79,808.08,217.6,119.73
Mina C,2019-09-20,81.73,82.34,486.13,395081.38,1613.62,245.1,4.35,47.74,1151.19,931.42,808.75,216.31,120.06
Mina C,2019-09-21,80.57,82.13,482.63,397970.93,1614.96,244.88,4.33,48.45,1154.12,943.37,816.47,217.87,120.86
Mina C,2019-09-22,81.83,82.61,482.58,398553.5,1600.49,244.67,4.35,48.45,1152.61,925.94,812.73,215.32,121.6
Mina C,2019-09-23,80.34,81.17,481.06,392340.66,1626.16,243.57,4.3,47.67,1158.07,941.04,819.29,215.99,121.03
Mina C,2019-09-24,80.5,82.06,481.43,396408.36,1605.05,243.92,4.34,48.34,1158.14,939.1,820.04,216.94,121.77
Mina C,2019-09-25,80.93,81.57,487.06,391480.41,1604.48,242.39,4.32,47.92,1148.17,925.55,812.01,215.37,119.51
Mina C,2019-09-26,81.39,81.8,481.73,396283.06,1623.16,242.51,4.33,48.31,1154.79,928.84,812.94,215.24,120.39
Mina C,2019-09-27,80.81,82.32,489.56,396086.71,1621.21,244.14,4.31,47.86,1140.53,934.96,817.75,219.32,121.21
Mina C,2019-09-28,81.29,82.45,486.59,398172.2,1608.16,246.35,4.31,48.29,1156.4,929.92,820.89,218.37,119.77
Mina C,2019-09-29,80.78,81.74,489.77,391138.38,1608.35,243.52,4.32,47.9,1163.5,941.19,808.68,218.83,119.64
Mina C,2019-09-30,80.81,81.69,487.89,397917.09,1567.95,248.99,4.31,47.94,1151.7,942.48,813.77,215.32,121.27
Mina C,2019-10-01,81.17,82.59,481.58,391594.98,1590.3,250.35,4.31,47.74,1159.55,935.44,811.9,219.15,120.51
Mina C,2019-10-02,80.53,81.91,481.28,394121.79,1585.72,247.92,4.36,48.12,1143.36,939.58,812.51,218.57,121.26
Mina C,2019-10-03,80.49,81.57,488.07,397223.99,1585.43,249.72,4.34,47.65,1155.68,933.24,816.1,219.48,119.52
Mina C,2019-10-04,80.66,81.98,484.03,397588.55,1583.56,251.52,4.3,47.75,1143.15,926.31,816.74,218.78,119.84
Mina C,2019-10-05,80.72,81.85,481,392420.05,1583.67,251.01,4.35,48.46,1158.86,926.73,815.69,215.97,120.73
Mina C,2019-10-06,81.67,82.31,483.54,396634.37,1565.52,251.64,4.29,48.18,1147.63,935.99,814.46,216.6,120.94
Mina C,2019-10-07,81.53,81.95,489.44,394575.92,1570.95,248.4,4.31,48.05,1159.29,931.43,813.06,219.27,119.85
Mina C,2019-10-08,81.46,81.19,482.61,393496.95,1591.78,249.45,4.32,47.54,1141.09,938.59,814.47,218.84,119.94
Mina C,2019-10-09,80.32,82.41,484.13,395857.9,1568.77,249.3,4.35,48.21,1144.91,930.46,807.43,219.07,120.04
Mina C,2019-10-10,81.49,81.4,483.5,393200.85,1586.64,250.92,4.29,48.38,1140.54,939.48,819.56,215.46,120.55
Mina C,2019-10-11,80.39,81.41,480.62,393365.67,1566.25,249.84,4.35,48.37,1155.37,927.87,806.53,217.53,120.49
Mina C,2019-10-12,80.58,82.03,484.91,392081.37,1588.6,252.28,4.35,47.67,1157.16,939.33,812.22,216.49,121.71
Mina C,2019-10-13,81.27,82.08,481.02,396319.58,1587.73,248.31,4.28,48.05,1150.9,931.75,809.28,216.06,120.73
Mina C,2019-10-14,81.05,81.5,483.89,398221.87,1583.65,249.63,4.34,47.97,1156.88,938.72,814.85,217.49,121.04
Mina C,2019-10-15,80.97,81.94,484.6,397855.54,1586.51,250.06,4.3,48.36,1156.98,929.51,807.83,216.65,120.01
Mina C,2019-10-16,81.87,82.5,484.83,394202.59,1578.76,248.87,4.33,47.68,1146.63,925.93,817.27,217.01,120.9
Mina C,2019-10-17,81.33,82.41,481.89,393049.14,1589.68,250.32,4.29,47.72,1160.75,942.44,820.3,215.54,119.45
Mina C,2019-10-18,81.65,81.43,485.91,393463.51,1575.76,248,4.3,47.52,1141.47,931.14,814.46,216.25,120.63
Mina C,2019-10-19,80.9,82.44,485.38,398609.7,1580.31,248.85,4.28,47.86,1142.8,931.87,812.05,216.03,120.11
Mina C,2019-10-20,81.03,81.87,487.01,397586.34,1563.33,248.46,4.33,48.47,1150.06,941.05,821.98,216.94,119.92
Mina C,2019-10-21,80.71,81.66,486.91,397179.92,1593.61,248.31,4.32,48.4,1158.45,937.02,811.44,217.28,120
Mina C,2019-10-22,80.81,81.37,485.77,398161.99,1570.64,252.2,4.33,47.9,1152.9,925.97,816.92,216.03,120.18
Mina C,2019-10-23,81.84,82.6,480.74,398437.29,1563.32,248.36,4.36,48.37,1154.97,932.68,808.43,217.75,119.39
Mina C,2019-10-24,80.47,82.02,486.08,397505.77,1569.36,249.25,4.29,47.74,1158.58,933.44,811.67,217.14,120.32
Mina C,2019-10-25,81.31,82.47,481.05,396988.46,1589.56,251.92,4.34,48.21,1145.98,934.42,811.4,218.65,121.23
Mina C,2019-10-26,80.63,82.37,482.45,394948.44,1587.8,248.27,4.29,48.43,1140.99,931.08,819.25,215.22,120.78
Mina C,2019-10-27,81.79,81.48,487.93,394509.67,1574.31,251.72,4.34,48.44,1158.44,936.69,812.19,217.88,121.46
Mina C,2019-10-28,81.92,81.68,487.59,391650.1,1572.06,251.28,4.34,47.84,1161.99,931.65,813.86,218.13,120.96
Mina C,2019-10-29,80.55,82.48,487.77,392796.51,1574,251.16,4.34,47.88,1145.71,932.27,813.45,216.7,119.99
Mina C,2019-10-30,80.53,81.4,481.84,391861.84,1575.39,247.96,4.36,47.78,1151.75,936.44,818.34,217.88,121.74
Mina C,2019-10-31,81.39,82.44,482.02,394204.19,1625.51,244.31,4.35,48.38,1145.78,940.59,806.3,218.11,119.97
Mina C,2019-11-01,81.68,81.7,489.82,392441.11,1614.94,242.93,4.33,48.4,1143.07,930.6,812.2,219.2,120.81
Mina C,2019-11-02,81.45,81.9,481.75,397861.65,1628.62,246.24,4.34,48.04,1140.63,927.45,814.37,215.97,120.2
Mina C,2019-11-03,81.46,81.21,484.36,397103.82,1629.81,242.86,4.31,48.28,1160.66,943.15,813.45,216.82,120.14
Mina C,2019-11-04,81.05,82.39,487.39,391185.14,1628.15,241.76,4.34,47.71,1150.03,935.4,815.7,215.97,121.42
Mina C,2019-11-05,80.8,81.12,484.31,392730.19,1622.42,241.72,4.33,48.12,1147.22,932.23,817.96,216.56,121.57
Mina C,2019-11-06,81.47,81.16,482.7,394334.33,1612.81,242.59,4.33,48.01,1144.25,940.2,807.06,216.5,120.32
Mina C,2019-11-07,81.92,81.92,487.46,392170.4,1627.9,245.02,4.33,47.57,1147.94,942.89,811.32,219.1,121.37
Mina C,2019-11-08,80.6,81.43,483.27,391384.93,1609.83,244.95,4.34,47.52,1146.44,926.28,810.91,219.52,121.52
Mina C,2019-11-09,80.71,81.19,481.07,397877.36,1601.95,243.99,4.34,48.08,1162.66,939.69,816.46,219.4,121.74
Mina C,2019-11-10,80.65,81.72,484.72,395622.99,1619.31,242.86,4.29,47.94,1161.65,927.84,817.7,217.81,121.79
Mina C,2019-11-11,81.59,81.03,481.06,395117.54,1609.94,242.96,4.36,47.66,1145.49,938.92,813.23,216.29,120.38
Mina C,2019-11-12,81.69,81.41,481.07,394264.55,1611.9,242.55,4.34,47.82,1149.87,932.2,808.48,217.69,120.19
Mina C,2019-11-13,81.13,81.96,484.57,391129.35,1622.96,245.04,4.3,47.77,1147.82,933.05,819.55,219.51,120.09
Mina C,2019-11-14,81.68,81.62,480.64,394772.59,1610.16,243.97,4.29,48.45,1153.64,939.74,809.75,218.94,120.13
Mina C,2019-11-15,81.3,81.89,484.79,396808.33,1631.99,242.08,4.28,47.9,1145.37,942.05,816.17,217.72,119.45
Mina C,2019-11-16,81.33,81.59,485.58,394204.15,1610.56,244.13,4.3,47.83,1148.65,936.29,822.13,218.18,119.91
Mina C,2019-11-17,80.7,82.58,485.86,393484.71,1603.12,241.54,4.29,47.63,1149.88,940.26,806.69,217.31,120.41
Mina C,2019-11-18,80.79,81.33,487.64,397432.39,1609.27,243.4,4.3,48.1,1159.84,935.16,821.97,215.72,120.15
Mina C,2019-11-19,81.05,81.6,487.65,395461.98,1621.85,245.56,4.34,47.92,1143.99,936.27,811.19,216.27,119.95
Mina C,2019-11-20,81.59,82.05,486.21,392629.58,1616.01,241.63,4.34,47.91,1148.12,930.67,815.2,216.57,119.92
Mina C,2019-11-21,81.09,82.19,488.98,393854.1,1604.03,243.32,4.36,48.26,1148.77,941.14,810.37,215.44,120.38
Mina C,2019-11-22,80.86,82.22,487.27,391712.34,1619.74,244.1,4.28,47.58,1155.86,941.62,807,216.73,119.54
Mina C,2019-11-23,81.03,81.45,480.48,394332.43,1611.13,243.46,4.35,48.47,1147.26,934.89,805.95,215.71,120.77
Mina C,2019-11-24,81.39,82.29,488.9,393822.22,1633.66,244.5,4.32,48.27,1150.77,938.64,813.82,218.78,120.25
Mina C,2019-11-25,81.83,82.54,484.38,397243.51,1622.53,245.91,4.3,47.94,1154.78,926.16,811.07,216.39,120.86
Mina C,2019-11-26,80.47,82.12,487.28,392835.12,1631.29,246.23,4.36,47.53,1147.45,926.21,821.19,219.32,120.77
Mina C,2019-11-27,81.25,81.22,488.37,392769.24,1619.82,243.42,4.35,47.91,1163.26,931.95,819.12,216.91,120.92
Mina C,2019-11-28,80.8,82.04,482.5,393174.71,1624.68,244.63,4.35,47.67,1156.95,925.58,807.94,215.25,121.39
Mina C,2019-11-29,81.04,81.42,484.72,392517.76,1616.82,245.36,4.3,47.89,1144.75,935.23,821.07,216.33,120.21
Mina C,2019-11-30,80.53,81.89,481.86,396995.65,1616.33,242.33,4.31,47.84,1141.45,929.73,810.43,217.57,119.99
Mina C,2019-12-01,81.54,81.65,485.61,394518.11,1628.47,241.63,4.31,47.6,1150.99,938.38,817.33,215.86,119.56
Mina C,2019-12-02,81.53,81.52,484.31,398127.97,1604.68,243.72,4.28,48.15,1158.9,931.67,813.21,219.2,120
Mina C,2019-12-03,80.37,81.25,484.62,395743.82,1610.78,242.61,4.33,47.93,1160.85,940.84,808.6,215.92,119.97
Mina C,2019-12-04,81.5,82.15,484.71,391752.58,1607.6,242.76,4.3,47.74,1147.75,938.22,808.95,216.01,119.43
Mina C,2019-12-05,80.78,81.77,486.34,392578.89,1619.54,244.06,4.35,47.59,1160.83,942.26,811.98,219.04,119.62
Mina C,2019-12-06,81.17,81.44,483.23,394469.01,1630.04,242.11,4.32,47.96,1158.91,933.58,806.22,219.43,121.36
Mina C,2019-12-07,80.84,81.94,486.63,397118.84,1630.69,245.72,4.33,48.15,1161.35,935.28,806.78,215.77,120.41
Mina C,2019-12-08,80.96,81.29,480.35,394837.06,1613.83,245.9,4.35,48.21,1155.93,925.43,806.62,216.45,119.68
Mina C,2019-12-09,81.38,81.56,480.32,390873.6,1603.51,242.5,4.3,47.67,1143.59,934.23,808.07,217.53,120.5
Mina C,2019-12-10,81.73,82.05,487,398744.17,1611.72,243.65,4.31,48.48,1150.22,928.52,819.2,216.66,120.57
Mina C,2019-12-11,81.11,82.6,484.83,397807.29,1620.41,245.85,4.28,48.39,1156.16,928.35,814.07,219.06,120.82
Mina C,2019-12-12,80.45,81.07,481.44,396719.95,1605.99,244.06,4.29,47.55,1150.3,942.37,821.15,216.08,120.12
Mina C,2019-12-13,80.6,82.21,486.97,393667.35,1605.14,245.31,4.28,48.01,1160.92,941.77,806.92,219.25,119.4
Mina C,2019-12-14,80.59,81.56,481.92,395338.9,1608.11,243.64,4.33,47.57,1160.91,929.19,820.36,216.67,121.64
Mina C,2019-12-15,80.8,82.58,480.57,397201.38,1604.02,244.68,4.31,48.37,1161.52,931.18,821.89,217.46,119.57
Mina C,2019-12-16,81.64,81.18,481.85,391295.11,1630.67,244.69,4.29,47.68,1159.44,934.1,821.06,218.4,120.73
Mina C,2019-12-17,80.5,82.41,486.66,397314.99,1620.88,242.06,4.34,48.11,1153.6,940.18,816.25,216.81,121.34
Mina C,2019-12-18,80.64,82.43,483.83,391217.05,1623.85,242.27,4.28,47.66,1156.66,929.82,816.77,215.32,119.99
Mina C,2019-12-19,80.49,81.58,489.65,391997.39,1620.4,243.46,4.33,48.09,1147.72,929.87,807.23,215.63,119.5
Mina C,2019-12-20,81.4,81.28,480.72,397421.12,1619.84,244.6,4.32,48.25,1153.46,940.81,818.5,219.03,121.22
Mina C,2019-12-21,80.93,82.59,488.38,394059.34,1617.59,242.29,4.33,48.09,1147.09,926.69,816.81,219.31,120.3
Mina C,2019-12-22,81.72,82.09,488.5,394001.55,1631.41,244.21,4.3,47.66,1156.07,940.58,819.91,215.65,120.33
Mina C,2019-12-23,81.06,81.37,488.12,398122.3,1626.99,244.34,4.35,48.45,1162.59,938.47,812.63,216.18,120.83
Mina C,2019-12-24,81.49,81.65,481.86,394632.07,1624.64,245.58,4.33,47.69,1160.8,938.04,819.38,215.86,120.7
Mina C,2019-12-25,80.38,81.36,480.7,394138.91,1614.61,242.67,4.28,48.21,1158.04,943.67,821.18,217.61,121.56
Mina C,2019-12-26,80.74,82.59,483.14,397239.26,1624.34,243.46,4.35,48.31,1144.95,930.38,814.05,216.95,119.64
Mina C,2019-12-27,81.75,82.17,481.2,396611.68,1617.39,245.99,4.32,47.93,1155.92,931.38,813.82,219.13,119.59
Mina C,2019-12-28,81.73,82.07,481.18,397210.03,1614.33,245.5,4.3,48.16,1161.73,931.21,821.17,215.32,120.36
Mina C,2019-12-29,80.82,81.86,487.5,392755.1,1628.6,242.39,4.29,47.89,1150.04,940.93,808.63,219.5,121.43
Mina C,2019-12-30,80.45,81.54,487.74,396987.05,1629.54,245.75,4.35,48.34,1154.27,927.91,814.91,216.73,121.74
Mina C,2019-12-31,81.57,82.54,489.66,396547.81,1620.95,243.41,4.32,48.48,1149.74,943.65,812.28,216.54,119.97
Mina C,NA,74.17,80.09,422.25,424226.35,1724.65,244.22,5,60.5,1451.76,1058.3,848.93,383.23,218.92
Mina C,NA,73.55,80.2,380.65,385891,1582.39,243.07,5.6,59.58,1427.85,1070.63,846.97,376.11,215.42
Mina C,NA,73.25,80.26,382.94,381090.66,1571.87,242.9,5.69,59.51,1438.01,1054.86,846.06,378.6,216.93
Mina C,NA,74.18,79.53,415.95,418065.33,1696.22,243.33,5.03,60.31,1428.83,1067.02,851.1,377.84,215.3
Mina C,NA,74.03,79.23,394.95,394778.56,1650.99,244.61,5.34,60.23,1453.36,1059.06,835.25,379.19,218.56
Mina C,NA,74.07,75.25,430.03,408940.11,1668.5,241.93,4.86,60.21,1448.21,1069.34,798.56,381.4,262.17
Mina C,NA,74.25,78.75,368.79,370488.82,1531.15,244.62,5.88,60.5,1444.84,1061.65,842.63,382.4,216.76
Mina C,NA,72.97,75.35,396.06,366869.18,1502.6,243.98,5.55,58.38,1383.94,1022.84,775.71,370.22,245.92
Mina C,NA,73.44,76.1,393.64,366414.33,1484.27,242.26,5.64,57.62,1396.98,1018.7,779.02,370.34,244.48
Mina C,NA,73.16,75.86,398.2,365569.53,1504.08,241.03,5.55,57.52,1396.03,1016.86,777.18,370.83,245.16
Mina C,NA,74.27,75.48,424.9,389566.43,1598.09,241.21,5.18,57.99,1395.09,1015.16,778.88,366.94,245.92
Mina C,NA,73.55,76.15,373.25,340093.7,1404.21,240.99,6.11,58.57,1398.26,1022.49,778.54,368.03,246.84
Mina C,NA,74.32,75.66,376.12,346853.24,1427.07,242.11,5.89,58.01,1385.84,1034.12,782.58,368.56,245.34
Mina C,NA,72.93,75.92,367.52,337926.56,1409.16,244.04,6.16,58.58,1392.94,1027.73,785.85,367.97,247.41
Mina C,NA,73.85,75.98,385.16,366726.64,1528.08,244.46,5.5,60.51,1445.21,1055.62,804.11,382.9,252.73
Mina C,NA,72.95,75.26,423.86,403788.51,1644.79,243.35,5,60.55,1429.67,1058.88,805.38,382.95,256.89
Mina C,NA,73.29,75.38,419.32,399165.59,1658.51,241.11,5.08,59.95,1442.41,1060.1,804.56,378.08,252.09
Mina C,NA,73.12,75.93,386.67,371451.27,1533.1,240.76,5.53,59.46,1434.56,1058.72,800.43,377.17,256.17
Mina C,NA,72.99,76.35,346.69,333314.29,1368.45,241.83,6.38,59.94,1444.85,1067.03,808.07,380.09,255.72
Mina C,NA,73.82,75.31,369.76,353763.06,1457.6,241.38,5.93,59.63,1430.73,1067.46,811.6,376.58,252.71
Mina C,NA,73.13,76,393.86,371770.67,1535.68,243.1,5.43,59.72,1446.16,1064.48,810.91,376.68,255.48
Mina C,NA,72.92,76.61,408.69,378950.31,1571.07,244.45,5.15,58.1,1400.82,1032.26,774.57,367.16,244.92
Mina C,NA,74.33,76.35,476.47,444259.81,1799.09,240.32,4.24,57.95,1392.36,1028.48,775.91,368.25,248.29
Mina C,NA,73.15,76.6,464.4,431320.29,1766.75,244.5,4.36,57.55,1398.31,1019.53,784.66,367.83,245.78
Mina C,NA,73.34,76.05,386.37,351805.03,1463.56,242.61,5.69,58.22,1396.33,1025.93,785.94,365.14,247.84
Mina C,NA,73.18,76.19,394.15,368102.77,1523.15,244.8,5.33,58.57,1383.05,1033.09,779.58,368.46,248.33
Mina C,NA,73.59,75.74,356.17,328792.2,1359.98,242.11,6.18,57.46,1398.51,1020.58,781.2,368.33,246.56
Mina C,NA,74.27,75.52,379.29,355337.34,1466.33,244.24,5.7,57.96,1399.54,1027.79,780.48,366.6,247.51
Mina C,NA,73.22,80.1,433.23,431733.17,1768.75,240.93,4.99,59.83,1443.82,1057.38,842.55,382.34,217.39
Mina C,NA,73.54,79.01,399.69,401019.31,1626.47,244.16,5.49,60.49,1429.17,1051.66,838.87,377.36,216.55
Mina C,NA,73.73,80.22,399.76,398502.96,1634.2,244,5.46,59.92,1440.92,1053.63,834.88,380.99,219.16
Mina C,NA,73.91,79.77,372,369434.89,1546.13,240.3,5.96,59.57,1446.33,1063.83,833.12,381.63,219.48
Mina C,NA,73.18,79.68,371.16,371596.45,1514.02,244.7,5.96,59.94,1439.38,1061.22,832.97,378.41,223.33
Mina C,NA,74.2,78.91,360.78,358308.21,1479.91,242.67,6.13,59.47,1444.8,1064.02,830.24,379.05,220.01
Mina C,NA,73.5,79.06,354.58,351413.07,1477.41,242.78,6.25,59.46,1452.21,1063.07,834.22,382.63,221.88
Mina C,NA,73.98,78.98,382.33,379326.12,1536.71,243,5.49,59.89,1447.38,1061.88,831.22,381.57,224.22
Mina C,NA,74.13,78.45,396.07,389812.04,1613.35,244.55,5.26,59.63,1438.26,1064.8,830.29,384.99,224.65
Mina C,NA,72.84,79.59,398.72,396880.89,1627.3,240.44,5.11,59.76,1451.85,1051.02,835.02,384.78,223.19
Mina C,NA,73.16,79.27,352.68,349463.36,1438.3,244.35,5.97,59.44,1450.34,1057.18,828.67,381.46,221.9
Mina C,NA,74.12,78.18,381.66,379226.29,1565.88,242.48,5.42,59.62,1443.72,1048.27,835.66,383.8,224.23
Mina C,NA,74,78.35,370.39,371044.65,1520.84,242.68,5.58,60.02,1440.84,1065.82,841.63,382.91,223.14
Mina C,NA,73.42,79.47,352.36,351800.83,1443.6,243.15,6,60.42,1442.29,1048.49,826.63,385.04,224.65
Mina C,NA,73.48,78.22,470.13,459910.27,1904.79,240.56,4.2,59.48,1433.1,1047.68,841.54,386.33,221.16
Mina C,NA,73.82,78.3,453.43,447236.26,1866.79,243.65,4.33,60.38,1426.08,1061.96,835.07,380.86,223.38
Mina C,NA,73.63,79.52,417.57,413113.27,1718.4,241.73,4.86,59.89,1437.19,1054.55,840.3,380.66,223.52
Mina C,NA,73.69,79.66,345.28,336451.67,1393.53,240.18,6.21,60.41,1441.52,1063.41,838.37,381.79,221.16
Mina C,NA,73.59,79.61,314.86,314826.75,1294.13,242.33,6.84,60.01,1439.42,1053.48,838.37,378.92,224.52
Mina C,NA,74.18,79.59,338.51,336480.74,1386.05,241.18,6.3,59.65,1439.69,1066.74,837.2,378.81,222.49
Mina C,NA,74.06,78.56,350.61,343510.24,1420.24,241.71,6.12,59.55,1447.13,1050.91,830.31,381.69,222.37
Mina C,NA,73.07,78.72,392.71,388000.39,1602.55,244.07,5.26,59.82,1446.45,1059.48,825.57,383.95,221.51
Mina C,NA,73.47,78.76,371.85,367962.8,1515.82,242.57,5.65,60.17,1439.2,1051.29,827.66,385.63,223.74
Mina C,NA,73.79,79.29,384.42,377439.52,1556.85,241.91,5.49,60.58,1433.22,1065.13,842.9,383.77,223.71
Mina C,NA,73.87,79.31,412.01,406528.87,1686.14,241.45,4.96,60.51,1432,1062.47,827.49,381.33,223.84
Mina C,NA,72.78,79.1,385.52,382372.17,1551.64,241.02,5.43,60.37,1426.77,1062.06,830.83,385.51,221.33
Mina C,NA,74.13,78.45,372.01,371475.1,1533.21,242.93,5.62,60.27,1436.4,1067.65,836.74,383,224.49
Mina C,NA,72.76,78.18,394.27,390024.18,1617.24,242.3,5.21,60.2,1428.8,1065.41,833.62,380.71,223.05
Mina C,NA,73.51,78.53,405.38,398903.38,1634.55,240.59,5.09,59.49,1433.05,1057.09,827.94,386.31,222.74
Mina C,NA,73.68,79.5,392.84,386602.53,1617.39,242.11,5.26,60.59,1426.7,1052.76,833.53,381.87,222.38
Mina C,NA,74.06,79.53,395.5,395234.74,1628.55,244.53,5.18,59.99,1433.72,1052.41,832.78,379.81,225.24
Mina C,NA,73.55,78.15,382.45,374950.27,1549.46,240.72,5.45,60.29,1449.46,1055.57,838.93,383.68,221.9
Mina C,NA,73.5,79.03,362.62,358921.45,1462.54,243.38,5.86,60.05,1446.2,1054.7,837.33,380.44,224.93
Mina C,NA,73.79,78.53,376.61,372209.4,1537.6,244.07,5.47,60.39,1430.84,1056.58,830.6,384.06,223.64
Mina C,NA,73.72,79.24,376.3,370936.19,1532.8,242.76,5.47,60.11,1450.27,1057.62,828.56,381.83,221.88
Mina C,NA,75.04,79.19,408.07,411952.01,1712.96,240.44,5.03,60.46,1453.65,1068.48,855.7,370.58,220.13
Mina C,NA,74.11,79.53,383.19,378552.55,1555.24,240.48,5.47,59.55,1447.67,1065.54,836.13,377.31,217.64
Mina C,NA,74.67,79.68,369.87,372763.83,1523.62,241.7,5.76,60.39,1441.36,1080.28,858.11,367.5,219.53
Mina C,NA,71.45,79.04,382.14,374692.89,1556.24,243.77,5.43,61.04,1457.24,1038.84,831.73,425.48,213.61
Mina C,NA,72.68,79.2,383.55,384258.88,1578.49,241.44,5.52,61.3,1477.19,1075.08,862.27,391.1,222.1
Mina C,NA,73.29,78.93,380,382295.62,1587.8,243.2,5.58,61.22,1453.86,1070.38,848.4,387.89,219.48
Mina C,NA,74.33,80.24,395.96,407963.83,1671.07,240.83,5.28,61.05,1454.94,1084.17,868.64,377.03,220.7
Mina C,NA,73.34,80.03,375.52,382374.32,1557.01,240.14,5.48,61.29,1456.66,1082.37,860.03,381.24,219.75
Mina C,NA,73.32,80.09,392.27,400053.35,1660.38,240.38,5.12,61.01,1475.67,1087.4,851.09,381.8,223.57
Mina C,NA,73.19,80.16,400.56,413427.49,1679.88,242.33,4.98,61.16,1449.41,1083.78,858.06,382.22,221.2
Mina C,NA,75.32,80.05,375.81,390278.25,1606.18,241.79,5.47,60.52,1461.26,1103.37,870.21,364.71,226.85
Mina C,NA,75.69,79.38,362.12,372926.78,1543.63,243.85,5.72,61.4,1454.45,1088.16,871.13,365.12,224.11
Mina C,NA,75.46,78.71,383.04,401307.7,1649.15,242.39,5.29,60.81,1449.63,1100.11,869.31,368.43,224.86
Mina C,NA,74.56,80.23,369.62,381556.73,1579.81,242.18,5.6,61.36,1475.33,1092.81,870.1,363.76,226.89
Mina C,NA,75.07,80.22,378.07,387386.59,1606.17,243.19,5.39,60.66,1465.78,1094.4,875.09,365.38,224.78
Mina C,NA,74.61,79.34,393.9,410093.69,1684.39,244.21,5.09,61.18,1465.23,1101.95,873.27,363.77,227.86
Mina C,NA,75,80.2,412.68,428609.49,1753.8,242.39,4.82,61.4,1449.55,1106,873.88,368.48,224.8
Mina C,NA,76.61,79.6,415.01,431994.52,1788.99,242.76,4.87,60.56,1457.64,1127.73,886.99,347.1,229.36
Mina C,NA,76.64,78.67,340.42,354146.94,1464.79,244.26,6.16,60.8,1474.66,1114.81,896.1,345.6,227.37
Mina C,NA,75.98,78.7,397.91,411139.12,1709.98,240.15,5.07,60.99,1454.17,1119.79,891.48,347.38,231.48
Mina C,NA,76.42,79.48,367.48,391889.87,1607.21,242.75,5.57,61.48,1475.28,1114.12,892.54,349.29,230.13
Mina C,NA,76.9,79.08,386.07,403507.12,1678.64,240.37,5.26,61.17,1475.14,1119.77,886.8,343.65,230.17
Mina C,NA,76.46,79.24,371.75,393760.48,1633.38,240.88,5.5,60.67,1465.23,1116.14,894.69,349.54,230.84
Mina C,NA,76.85,78.75,397.81,421067.2,1720.56,243.65,5.02,61.18,1462.05,1109.4,893.81,346.17,228.33
Mina C,NA,76.31,79.76,413.42,437035.65,1781.3,243.42,4.83,61.05,1456.56,1125.18,890.09,348.43,231.43
Mina C,NA,77.24,79.21,388.25,417007.78,1714.4,241.7,5.21,62.12,1482.29,1145.72,904.51,348.74,234.96
Mina C,NA,76.34,78.87,420.78,454918.71,1868.44,244.39,4.71,62.4,1482.59,1140.54,908.04,346.67,234.28
Mina C,NA,78.54,80.12,424.96,471234.39,1955.8,239.92,4.62,62.48,1473.93,1174.37,937.13,316.69,238.49
Mina C,NA,78.8,86.13,420.03,493091.44,2060.54,244.3,4.82,59.73,1426.27,1139.85,988.67,296,155.23
Mina C,NA,78.98,87.06,433.73,515573.03,2108.45,240.79,4.65,60.52,1429.13,1145.72,985.99,292.13,154.96
Mina C,NA,79.99,85.85,455.5,530817.48,2206.41,243.47,4.36,60.03,1428.38,1144.81,995.68,295.24,155.54
Mina C,NA,78.75,86.44,412.16,480097.93,1995.2,244.55,4.97,59.52,1446.43,1139.29,996.08,295.56,155.27
Mina C,NA,79.69,86.53,428.42,500305.48,2073.85,240.98,4.7,59.92,1441.61,1149.7,996.27,292.9,153.41
Mina C,NA,78.78,86.48,417.5,485321.75,2002.38,243.5,4.88,60.43,1442.19,1154.31,981.67,297.53,153.46
Mina C,NA,79.78,87.28,402.35,479747.21,1957.25,243.67,5.11,60.13,1428.31,1139.78,982.49,296.58,153.05
Mina C,NA,79.34,86.87,395.16,461619.38,1872.44,242.47,5.3,59.77,1451.79,1128.97,989.05,303.42,151.58
Mina C,NA,79.37,85.9,401.61,465597.2,1913.77,243.36,5.24,60.13,1452.01,1135.81,989.32,306.01,154.22
Mina C,NA,78.22,86.74,397.49,460476.49,1895.55,242.95,5.24,60.37,1455.79,1143.9,982.86,306.47,153.28
Mina C,NA,79.55,87.29,406.18,475201.23,1952.63,242.14,5.01,60.67,1450.28,1134.9,975.13,305.01,153.72
Mina C,NA,78.15,86.14,404.74,471951.4,1979.71,241.29,5,60.15,1433.03,1140.47,977.3,304.45,153.62
Mina C,NA,78.86,86.78,388.3,447016.56,1848.76,240.59,5.49,59.7,1441.62,1132.29,992.83,307.29,152.99
Mina C,NA,78.01,86.79,386.86,449447.8,1829.37,244.03,5.48,60.25,1440.73,1139.93,981.53,310.55,152.73
Mina C,NA,79.26,86.26,411.74,487797.5,2023.01,242.66,5.01,61.07,1450.97,1153.79,993.29,310.47,155.11
Mina C,NA,79.37,86.49,392.37,464117.21,1927.1,243.78,5.29,61.05,1452.22,1164.66,1006.62,310.63,156.69
Mina C,NA,79.2,86.67,397.91,463029.91,1944.13,242.8,5.22,61.32,1476.68,1156.74,1002.19,311.17,155.96
Mina C,NA,78.6,86.76,447.82,531793.34,2175.13,243.72,4.49,61.15,1470.73,1164.13,1000.81,308.21,155.71
Mina C,NA,79.6,87.2,429.97,514853.3,2106.32,242.06,4.71,60.72,1464.54,1158.12,999.56,312.51,153.91
Mina C,NA,78.51,86.95,454.64,541234.1,2234.09,244.7,4.39,61.49,1461.28,1145.96,993.06,311.27,155.76
Mina C,NA,78.11,87.02,414.01,489408.52,2050.29,240.84,4.94,61.16,1477.04,1145.15,992.4,308.22,155.42
Mina C,NA,78.97,86.21,414.42,446743.05,1835.81,239.99,4.99,55.6,1339.14,1064.61,925.05,282.88,141.79
Mina C,NA,79.22,87.04,425.15,459665.48,1893.67,242.05,4.84,55.73,1331.82,1050.86,914.34,284.71,141.38
Mina C,NA,79.49,86.71,423.28,452606.8,1878.94,244.33,4.83,55.74,1342.27,1065.72,919.99,284.55,143.59
Mina C,NA,78.19,85.76,395.84,426703.4,1779.78,242.75,5.21,55.67,1355.41,1056.42,925.34,286.69,141.37
Mina C,NA,79.61,86.46,382.59,413847.46,1725.33,243.68,5.44,56.21,1338.66,1061.4,920.05,284.1,141.62
Mina C,NA,79.15,86.9,405.7,445614.04,1822.72,240.2,5.01,55.57,1355.38,1067.09,917.02,284.29,141.91
Mina C,NA,78.68,85.89,405.67,443407.97,1848.1,243.17,5.07,55.99,1347.6,1058.83,911.69,286.5,143.56
Mina C,NA,79.01,89.82,433.81,485740.57,2007.3,240.63,4.8,56.1,1348.7,1063.68,955.89,282.43,111.69
Mina C,NA,79.5,89.31,444.02,496495.42,2055.53,243.32,4.61,56.39,1337.48,1069.42,946.16,284.98,110.04
Mina C,NA,79.18,89.31,434.72,486778.15,1997.36,240.86,4.79,55.83,1333.87,1061.9,948.61,284.03,109.79
Mina C,NA,79.66,89.5,452.54,507216.53,2095.74,243.61,4.51,56.13,1344.9,1062.97,949.56,280.55,110.7
Mina C,NA,79.55,89.62,399.22,448873.42,1868.25,243.08,5.24,55.96,1343.52,1061.11,952.5,282.11,110.95
Mina C,NA,78.59,88.94,398.97,452720.35,1841.53,241.96,5.29,56.55,1345.69,1065.95,940.54,280.96,109.98
Mina C,NA,78.74,89.06,401,445222.18,1845.87,243.38,5.38,56.16,1356.83,1070.81,955.32,283.89,111.48
Mina C,NA,79.48,88.67,424.59,478909.98,1984.57,241.8,4.9,55.77,1336.96,1062.83,949.33,285.32,110.1
Mina C,NA,78.81,90.17,418.61,473153.39,1907.09,240.97,5.08,55.95,1356.13,1064.09,946.4,284.64,109.84
Mina C,NA,79.53,90.12,421.64,477942.88,1976.07,242.42,4.93,55.47,1340.89,1060.68,954.94,280.9,110.5
Mina C,NA,78.73,89.46,403.36,454711.3,1861.75,240.83,5.28,55.77,1351.03,1066.99,950.08,281.46,111.23
Mina C,NA,79.71,89.18,443.52,499221.5,2056.06,244.18,4.69,55.72,1330.87,1053.87,948.8,281.24,111.06
Mina C,NA,79.59,88.96,437.81,493479.42,2039.95,242.84,4.7,56.19,1348.13,1060.96,946.36,280.46,111.29
Mina C,NA,79.36,89.8,426.73,477782.58,1978.55,242.91,4.94,55.9,1346.52,1059.94,952.39,280.98,111.81
Mina C,NA,78.73,90.12,450.67,499678.94,2077.62,242,4.57,56,1331.57,1052.28,948.51,280.8,111.94
Mina C,NA,79.57,89.06,428.52,480037.88,1974.87,241.5,4.82,55.5,1344.67,1059.66,940.82,281.61,110.08
Mina C,NA,78.55,90.06,432.66,490387.78,2006.07,242.12,4.76,56.35,1332.76,1052.5,953.33,282.9,111.25
Mina C,NA,79.7,89.63,430.66,483763.8,2006.84,245.24,4.83,55.86,1333.6,1066.76,948.46,283.17,111.16
Mina C,NA,79.67,88.91,436.8,486188.99,2017.35,243.97,4.81,56.23,1348.35,1065.41,942.1,281.48,111.51
Mina C,NA,78.92,89.97,451.07,514677.56,2113.57,243.85,4.44,55.95,1353.38,1056.24,957.45,280.95,111.58
Mina C,NA,79.49,88.72,444.49,508704.91,2063.73,244.67,4.55,56.36,1348.6,1061.76,952.81,282.94,111.46
Mina C,NA,78.15,88.68,407.61,462377.97,1887.84,241.36,5.21,55.9,1334.76,1070.42,950.76,284.87,111.9
Mina C,NA,78.58,89.59,434.98,490170.28,2010.9,241.69,4.75,56.17,1344.53,1059.38,951.36,283.04,110.08
Mina C,NA,79.67,89.98,440.96,493489.64,2009.94,241.42,4.72,56.39,1348.71,1065.63,952.05,282.71,111.74
Mina C,NA,79.62,89.02,406.95,457240.09,1884.68,245.58,5.21,55.51,1348.01,1053.94,949.44,281.6,110.48
Mina C,NA,78.39,89.62,386.25,434539.99,1812.8,241.69,5.58,55.49,1354,1062.94,943.67,282.98,110.51
Mina C,NA,79.01,88.99,398.34,446560.78,1820.21,241.33,5.33,55.85,1337.44,1066.3,945.63,281.38,111.22
Mina C,NA,78.78,89.82,396.71,447402.8,1854.76,243,5.3,55.88,1354.38,1063.27,947.23,284.12,111.05
Mina C,NA,78.79,75.16,387.62,360142.6,1472.36,241.68,5.65,56.46,1357.16,1068.27,791.4,285.8,269.39
Mina C,NA,78.53,90.29,397.41,449675.6,1848.37,244.75,5.31,56.42,1357.42,1059.78,943.97,282.51,110.12
Mina C,NA,78.78,89.08,417.86,466791.88,1942.96,244.22,4.99,55.81,1350.43,1067.39,954.85,280.58,109.81
Mina C,NA,78.41,89.92,415.55,461800.59,1889.97,242.98,5.1,56.52,1336.44,1062.53,950,282.43,111.44
Mina C,NA,79.59,73.18,437.03,401328.74,1665.39,243.76,4.71,55.94,1337.02,1067.41,775.24,284.93,279.25
Mina C,NA,78.26,90.26,430.49,488063.54,2006.86,244.3,4.77,56.15,1353.69,1066.16,955.87,285.21,111.3
Mina C,NA,79.3,85.77,401.75,424319.84,1737.56,243.45,5.34,56.56,1355.15,1062.93,899.01,283.93,154.62
Mina C,NA,78.79,87.69,391.71,425224.39,1738.57,243.6,5.56,55.63,1342.48,1052.24,921.51,284.24,136.32
Mina C,NA,79.45,86.23,406.88,448013.42,1851.87,242.41,5.21,56.16,1347.16,1056.37,929.59,282.04,136.22
Mina C,NA,79.22,87.15,413.68,456359.38,1880.1,241.36,5.04,55.46,1341.85,1058.02,919.8,285.62,136.83
Mina C,NA,79.54,87.13,442.88,491043.39,1992.85,242.95,4.59,56.45,1343.8,1060.69,918.46,284.89,138.2
Mina C,NA,78.14,86.76,405.54,441558.21,1812.68,242.47,5.32,55.45,1350.38,1054.56,923.01,282.08,138.25
Mina C,NA,78.1,86.51,442.52,485730.51,1992.81,241.33,4.59,56.55,1331.29,1068.22,923.98,283.12,136.57
Mina C,NA,78.39,87.23,527.34,582395.39,2371.53,245.06,3.53,55.96,1351.2,1057.52,927.13,281.4,135.71
Mina C,NA,78.93,89.54,342.19,387107.59,1586.5,241.86,6.63,55.78,1337.15,1054.37,942.75,283.03,108.86
Mina C,NA,78.22,88.72,356.74,408055.98,1653.31,242.16,6.24,55.94,1344.03,1058.49,940.33,282.39,111.2
Mina C,NA,78.89,89.13,346.13,395811.79,1601.62,241.39,6.44,56.15,1343.59,1050.11,946.41,281.36,110.92
Mina C,NA,79.12,89.48,359.79,409049.96,1667.8,242.51,6.24,55.66,1334.52,1057.27,942.83,282.55,109.43
Mina C,NA,79.62,90.17,360.45,408779.06,1670.89,242.91,6.15,56.06,1354.62,1053.78,945.29,285.58,110.99
Mina C,NA,78.5,89.11,375.93,416997.23,1729.36,244.26,5.95,55.86,1350.08,1061.31,947.26,282.76,110.27
Mina C,NA,78.15,89.45,361.86,402425.21,1661.69,244.07,6.18,55.78,1339.39,1053.3,953.14,286.72,109.49
Mina C,NA,78.75,88.81,465.45,532229.63,2171.29,245.53,4.32,55.92,1340.59,1068.76,953.24,284.23,110.56
Mina C,NA,78.79,90.26,404.74,451167.06,1860.39,243.44,5.33,56.23,1341.79,1051.85,941.51,286.64,110.23
Mina C,NA,79.19,90.01,370.52,416225.29,1704.88,243.33,6,55.55,1336.21,1065.48,945.27,282.8,109.86
Mina C,NA,79.06,89.93,365.24,409216.38,1683.27,242.86,6.2,56.1,1350.43,1063.56,939.93,282.02,109.77
Mina C,NA,79.01,90.44,317.79,354338.27,1475.89,243.39,7.31,55.88,1343.2,1068.81,941.96,283.04,110.62
Mina C,NA,78.89,88.7,368.18,411827.22,1709.27,242.5,6.03,56.45,1351.75,1055.97,942.11,285.13,111.61
Mina C,NA,78.4,89.47,342.78,381428,1563.11,242.24,6.66,55.58,1347.95,1052.36,943.99,286.11,110.33
Mina C,NA,79,89.27,369.22,416416.6,1692.01,244.62,6.04,56,1345.18,1066.3,943.47,286.55,109.8
Mina C,NA,78.71,90.14,396.19,451470.84,1831.02,240.89,5.48,55.93,1332.42,1065.8,945.21,282.68,109.97
Mina C,NA,78.74,90.34,336.05,380685.6,1561.97,242.62,6.78,56.56,1330.89,1059.5,956.4,284.65,110.53
Mina C,NA,79.58,89.72,346.5,389112.78,1593.08,241.29,6.55,55.47,1341.77,1055.5,947.88,282.33,109.71
Mina C,NA,79.47,89.38,358.04,406035.35,1666.96,243.55,6.21,55.91,1334.28,1067.13,951.94,282.48,109.93
Mina C,NA,79.07,90.2,343.93,387123.43,1598.22,245.23,6.48,56.45,1354.88,1052.99,949.25,283.56,111.24
Mina C,NA,78.16,89.45,355.28,402419.21,1665.56,241.27,6.2,56.28,1346.64,1068.16,944.28,286.21,110.04
Mina C,NA,78.47,89.6,361.06,406974.25,1659.92,243.99,6.23,55.86,1332.87,1059.01,945.89,282.46,109.85
Mina C,NA,78.19,88.83,371.04,410305.99,1701.19,242.25,6.1,56.14,1345.63,1057.13,955.7,285.11,111.13
Mina C,NA,78.28,89.46,347.27,387204.37,1598.57,243,6.58,55.58,1343.77,1063.83,949.51,282.86,109.87
Mina C,NA,78.36,89.6,371.16,412404.54,1717.78,244.05,5.98,55.66,1356.28,1066.85,948.38,286.94,111.49
Mina C,NA,79.02,88.8,373.31,416389.15,1710.62,245.23,5.99,56.12,1339.86,1055.22,952.11,287.31,110.2
Mina C,NA,78.31,88.86,394.93,438112.81,1830.15,241.07,5.59,56.03,1330.8,1056.73,940.93,286.34,111.26
Mina C,NA,79.41,89.4,360.75,408402.23,1690.82,245.65,6.22,56.14,1347.77,1066.09,949.43,282.95,111.58
Mina C,NA,78.85,89.85,366.69,407999.8,1693.56,243.99,6.04,56.03,1330.61,1069.19,954.42,285.35,109.57
Mina C,NA,78.06,90.35,402.54,452421.73,1859.84,244.5,5.31,55.92,1338.68,1059.02,953.12,284.93,109.6
Mina C,NA,79.01,89.89,388.87,436594.5,1773.84,242.49,5.63,55.96,1343.73,1068.44,947.94,282.88,109.98
Mina C,NA,78.5,89.3,358.33,400030.1,1637.52,242.93,6.32,56.22,1348.77,1050.08,942.13,287.02,111.22
Mina C,NA,78.21,89.97,364.71,406368.71,1658.16,244.99,6.11,56.08,1334.32,1056.53,954.97,282.65,111.06
Mina C,NA,78.55,89.84,409.48,459463.87,1899.14,243.76,5.23,55.64,1348.28,1068.85,941.47,286.15,111.12
Mina C,NA,79.19,88.98,351.12,395554.7,1629.64,242.57,6.28,55.53,1331.82,1051.16,947.97,282.53,111.51
Mina C,NA,78.71,89.87,389.11,437683.2,1818.3,241.23,5.51,55.97,1345.38,1062.46,947.19,287.56,111.52
Mina C,NA,79.56,89.57,397.59,443649.65,1814.39,245.8,5.44,55.72,1350.5,1052.67,946.19,284.36,109.72
Mina C,NA,79.22,90.22,372.61,420662.26,1707.48,242.44,5.92,55.53,1345.38,1051.21,952.63,284.97,111.76
Mina C,NA,78.29,89.65,353.96,393756.49,1630.14,243.96,6.34,55.56,1356.62,1068.33,942.1,284.7,110.72
Mina C,NA,78.2,89.03,347.79,390718.15,1619.54,243.28,6.49,56.28,1341.78,1049.95,939.57,283.42,109.57
Mina C,NA,78.94,89.18,395.84,445015.51,1822.78,243.69,5.45,56.34,1345.87,1061.33,954.06,285.14,111.3
Mina C,NA,78.14,89.12,370.86,422564.37,1710.2,242.49,5.91,55.48,1339.89,1060.05,956.11,286.73,111.33
Mina C,NA,78.23,89.04,340.38,379017.86,1557.9,244.2,6.7,56.44,1331.05,1062.7,948.37,284.1,110.33
Mina C,NA,79.37,89.71,366.52,412860.7,1702.45,243.56,5.97,55.72,1333.89,1066.33,952.17,282.74,110.82
Mina C,NA,78.53,90.12,357.34,398949.14,1644.18,242.81,6.21,55.48,1352.04,1051.65,947.54,282.27,111.03
Mina C,NA,78.88,90.24,400.64,450715.24,1872.68,244.72,5.31,55.63,1341.33,1069.3,956.64,285.92,111.4
Mina C,NA,78.35,88.89,354.34,397824.5,1627.29,244.58,6.34,55.65,1352.35,1067.39,948.14,282.89,109.69
Mina C,NA,78.27,89.69,362.93,400007.37,1664.74,244.25,6.19,55.63,1346.35,1061.06,941.85,284.45,109.73
Mina C,NA,79.1,90.29,343.37,382440.9,1584.64,241.59,6.57,56.24,1349.51,1053.06,950.3,286.75,109.89
Mina C,NA,78.7,88.82,383.88,426713.87,1769.15,244.83,5.83,56.52,1350.25,1056.7,942.52,282.62,110.29
Mina C,NA,79.29,89.07,410.49,458643.07,1870.51,244.41,5.26,56.03,1332.82,1063.54,945.65,284.33,111.39
Mina C,NA,81.72,89.17,390,455813.98,1865.52,246.07,5.66,55.7,1349.07,1091.47,971.89,251.25,113.68
Mina C,NA,81.57,89.1,402.13,471664.03,1921.8,242.88,5.37,55.51,1336.34,1102.5,971.83,247.24,114.51
Mina C,NA,80.68,88.9,392.87,457968.69,1884.42,244.58,5.53,55.6,1338.58,1088.96,986.28,249.95,114.92
Mina C,NA,81.26,89.33,392.4,453319.59,1866.5,244.8,5.6,55.69,1351.26,1092.06,987.01,251.07,113.84
Mina C,NA,81.24,89.07,361.86,420891.33,1716.2,245.17,6.3,56.36,1350.98,1096.39,985.1,250.44,114.09
Mina C,NA,81.13,87.5,357.17,402337.56,1636.28,245.92,6.39,56.54,1355.69,1090.29,949.95,250.15,140.27
Mina C,NA,80.67,86.29,385.57,435028.84,1776.14,242.4,5.66,56.08,1341.23,1087.09,962.66,247.72,142.01
Mina C,NA,81.23,86.95,399.64,452658.25,1844.73,245.97,5.41,56.18,1354.55,1094.43,951.29,248.68,140.84
Mina C,NA,82.03,87.12,370.5,415882.67,1708.89,242.92,6,55.55,1351.86,1095.46,956.24,251.68,142.66
Mina C,NA,80.77,86.24,418.16,466659.59,1922.37,243.02,5.23,56.14,1350.91,1097.35,948.69,249.96,141.62
Mina C,NA,80.82,87.82,427.85,477339.72,1952.25,246.88,5.05,56,1346.22,1091.24,952.65,250.19,140.25
Mina C,NA,80.87,86.67,403.88,458432.32,1884.37,243.75,5.33,56.24,1356.48,1105.03,952.69,251.72,141.02
Mina C,NA,80.78,86.28,460.03,527982.6,2165.22,245.6,4.47,56.94,1366.04,1116.35,973.8,251.23,142.99
Mina C,NA,81.02,87.31,393.95,449666.62,1827.69,244.66,5.56,56.31,1345.33,1096.45,957.51,250.25,143.85
Mina C,NA,80.92,87.71,416.34,468163.55,1919.73,243.71,5.26,56.12,1358.17,1099.83,960.73,249.77,144.34
Mina C,NA,81.42,87.86,352.25,398339.58,1639.98,245.45,6.46,56.38,1366.03,1108.64,967.27,251.39,141.61
Mina C,NA,80.66,87.04,353.26,402426.17,1646.81,244.77,6.47,57.1,1362.78,1103.81,967.33,251.99,143.37
Mina C,NA,81.49,86.94,376.49,420769.23,1732.79,246.45,5.97,56.89,1346.98,1105.48,959.53,251.37,142.28
Mina C,NA,82.1,86.45,330.77,378543.76,1553.1,243.9,6.87,56.87,1365.78,1099.02,959.37,252.78,142.45
Mina C,NA,81.12,82.69,339.8,363697.84,1503.42,244.35,6.75,56.46,1348.32,1094.68,900.17,248.68,196.18
Mina C,NA,80.97,81.74,371.68,399146.35,1641.56,243,6.01,55.54,1347.65,1095.57,892.99,248.41,195.45
Mina C,NA,81.37,81.72,386.48,414077.73,1689.04,246.95,5.69,56.32,1340.53,1104.31,895.82,249.76,194.71
Mina C,NA,81.28,82.41,389.2,413028.14,1695.76,243.58,5.71,55.74,1351.81,1088.25,900.25,247.17,193.23
Mina C,NA,81.14,81.86,343.43,368805.07,1506.09,246.3,6.64,55.92,1348.16,1093.03,894.7,247.04,195.68
Mina C,NA,82.15,81.67,334.17,353164.58,1448.26,245.53,6.9,55.56,1333.4,1090.18,896.94,247.02,193.85
Mina C,NA,81.56,81.79,385.24,416841.39,1677.44,246.78,5.68,56.55,1340.22,1105.6,901.3,249.43,195.63
Mina C,NA,81.93,81.49,390.75,411591.91,1677.05,244.22,5.75,56.21,1350.9,1094.74,901.09,247.13,194.12
Mina C,NA,81.3,81.8,428.07,453127.23,1849.94,246.43,5.02,55.64,1341.12,1097.33,893.26,247.24,193.78
Mina C,NA,82.11,82.84,418.1,440421.49,1815.17,246.97,5.15,55.86,1352.79,1086.49,901.54,246.88,194.69
Mina C,NA,81.03,82.31,423.53,443113.91,1818.08,245.23,5.12,56.16,1343.65,1090.92,894.69,247.26,195.43
Mina C,NA,82.02,82.62,456.44,486420.36,1976.69,242.27,4.56,56.24,1341.05,1101.1,904.27,249.39,195.03
Mina C,NA,81.08,82.12,409.94,435711.08,1796.55,243.92,5.3,56.13,1343.86,1092.7,895.08,247.79,193.68
Mina C,NA,81,82.41,383.34,406261.65,1657.43,246.3,5.83,56,1341.21,1106.43,900.13,246.29,193.08
Mina C,NA,81.75,79.67,371.05,389569.02,1599.39,245.82,5.93,56.22,1340.24,1096.17,881.74,245.2,220.83
Mina C,NA,80.84,80.5,425.45,442141.97,1818.45,244.91,5.07,56.45,1348.66,1107.19,885.42,247.53,218.6
Mina C,NA,82.45,80.69,342.64,361672.95,1471.53,243.81,6.55,56.36,1334,1107.18,873.59,246.23,219.02
Mina C,NA,81.16,79.65,342.83,359840.03,1466.65,245.37,6.56,56.29,1345.58,1088.44,873.82,246.85,218.19
Mina C,NA,81.45,79.22,389.54,404440.49,1672.76,246.55,5.58,55.89,1340.79,1089.47,872,248.32,219.62
Mina C,NA,81.43,79.69,360.46,371746.59,1529.32,246.42,6.23,55.86,1352.45,1096.24,876.59,248.6,218.97
Mina C,NA,82.33,79.44,455.69,470424,1939.42,243.4,4.58,56.42,1333.44,1099.34,879.81,246.42,219.85
Mina C,NA,81.21,80.38,407.83,428453.26,1779.94,243.12,5.23,57.21,1357.98,1122.34,889.86,249.54,224.97
Mina C,NA,81.61,80.43,400.68,424489.96,1742.7,244.12,5.35,57.4,1373.02,1120.59,891.56,253.29,224.92
Mina C,NA,81.1,80.44,405.43,430881.25,1770,246.53,5.33,56.63,1356.15,1123.9,889.92,251.07,223.26
Mina C,NA,81.61,79.85,378.88,399420.13,1633.32,243.28,5.83,56.92,1355.8,1112.17,886.25,250.95,221.66
Mina C,NA,81.63,79.29,428.49,452090.76,1843.09,242.79,4.94,56.67,1362.73,1116.39,891.59,251.49,222.66
Mina C,NA,81.32,80.41,463.52,489101.22,2024.91,244.33,4.4,57.55,1372.6,1110.95,900.51,252.99,221.31
Mina C,NA,80.97,79.39,429.75,455500.94,1877.65,242.83,4.85,56.99,1362.34,1112.24,890.97,250.91,223.82
Mina C,NA,81.65,80.68,490.18,517866.07,2125.05,245.06,4.02,56.59,1365.7,1124.94,898.09,250.59,225.15
Mina C,NA,82.19,79.58,448.37,476275.9,1946.38,242.34,4.57,56.82,1366.53,1110.96,884.79,250.34,224.3
Mina C,NA,82.01,79.59,429.81,453575.2,1863.39,242.41,4.86,56.92,1373.53,1115.1,887.58,249.38,221.25
Mina C,NA,81.36,80.22,352.78,370293.59,1516.14,243.5,6.36,56.69,1376.8,1103.24,895.88,249.11,224.1
Mina C,NA,82.19,80.6,344.09,366639.12,1477.73,245.24,6.58,57.41,1356.41,1113.81,887.8,253.7,223.92
Mina C,NA,81.97,79.25,348.56,364634.53,1502.7,245.31,6.5,56.37,1374.47,1109.17,891.63,253.03,223.04
Mina C,NA,82.2,80.57,356.83,381060.25,1557.07,245.85,6.17,56.86,1359.85,1116.14,886.89,251.65,221.81
Mina C,NA,82.08,79.4,389.69,412802.88,1692.05,242.02,5.61,57.07,1365.25,1121.16,883.84,253.49,223.4
Mina C,NA,81.55,79.72,379.66,401709.72,1644,246.16,5.7,56.8,1362.18,1114.01,895.01,251.2,222.66
Mina C,NA,82.2,79.47,355.57,379520.06,1555.59,245.45,6.25,56.81,1376,1114.22,892.84,250.17,223.99
Mina C,NA,82.2,79.44,347.12,370011.48,1522.4,246.35,6.4,57.19,1366.42,1109.79,900.02,252.3,222.99
Mina C,NA,81.15,80.74,389.79,411702.3,1715.86,244.53,5.49,57.3,1370.42,1114.53,891.86,251.23,221.84
Mina C,NA,81.72,80.48,338.75,358437.15,1469.46,242.91,6.61,56.89,1365.5,1107.64,895.97,249.54,223.7
Mina C,NA,82.16,79.53,377.35,398507.02,1632.78,244.1,5.86,56.81,1363.58,1119.95,895.95,253.45,224.28
Mina C,NA,82.41,79.6,390.19,416463.58,1674.62,249.82,5.38,57.82,1391.27,1137.83,901.75,257.18,225.01
Mina C,NA,81.26,74.47,343.52,345891.97,1370.02,248.58,6.21,58.54,1401.44,1140.61,839.74,254.52,299.46
Mina C,NA,81.72,80.87,360.22,389265.1,1553.53,250.04,6,57.84,1387.02,1133.18,923.7,253.81,213.36
Mina C,NA,81.88,58.3,384.1,301751.62,1219.8,248.08,5.48,58.17,1393.02,1126.5,664.05,253.06,472.39
Mina C,NA,81.73,53.27,357.24,258463.58,1027.69,249.52,5.94,58.39,1384.55,1128.77,610.35,253.36,527.83
Mina C,NA,81.12,66.48,313.49,278861.53,1120.25,249.65,7.19,58.07,1391.56,1147.37,757.29,254.11,378.14
Mina C,NA,81.29,81.71,345.03,376078.88,1512.76,250.44,6.3,58.18,1395.57,1141.08,919.42,256.65,215.02
Mina C,NA,82.03,83.33,382.79,432616.97,1701.98,249.75,5.45,58.34,1378.89,1126.33,940.21,256.85,194.02
Mina C,NA,82.26,81.94,387.17,432921.53,1738.94,250.77,5.42,58.42,1393.88,1132.23,938.92,253.85,196.33
Mina C,NA,81.29,83.43,373.6,414938.89,1657.03,251.33,5.7,58.57,1398.1,1131.86,939.36,255.26,196.45
Mina C,NA,80.9,82.79,348.82,387272.04,1552.5,251.1,6.13,57.86,1404.46,1138.13,938.26,257.98,194.81
Mina C,NA,81.26,79.88,391.29,421397.96,1672.54,248.59,5.3,57.7,1392.65,1132.94,895.52,256.52,232.11
Mina C,NA,81.61,70.31,381.64,358798.91,1425.37,247.61,5.5,57.59,1397.73,1131.68,805,254.09,336.27
Mina C,NA,81.29,75.14,351.98,360073.73,1443.07,249.75,6.11,57.61,1405.39,1144.34,851.3,256.04,276.29
Mina C,NA,79.81,69.71,384.24,351691.55,1407.3,252.57,5.48,58.22,1384.92,1129.74,772.46,270.94,344.12
Mina C,NA,81.5,83.1,343.77,382038.08,1545.89,248.11,6.28,57.59,1395.55,1146.07,940.74,253.7,196.22
Mina C,NA,82.34,82.67,383.32,425622.06,1680.86,251.15,5.53,57.87,1400.36,1127.77,945.72,254.28,197.02
Mina C,NA,80.95,82.23,353.39,391505.53,1568.18,251.71,6.08,57.44,1382.78,1145.14,933.64,255.35,196.13
Mina C,NA,82.17,79.19,359.62,375828.4,1510.29,248.24,5.96,58.27,1386.63,1132.97,891.92,255.68,244.13
Mina C,NA,81.51,68.64,359.68,329166.4,1339.64,251.3,5.97,58.09,1394.58,1139.57,789.38,246.65,360.74
Mina C,NA,82.42,83.39,361.67,400885.3,1615.22,251.76,5.94,58.53,1385.2,1139.78,936.98,251.66,198.14
Mina C,NA,81.97,74.73,338.21,341841.99,1344.62,249.98,6.58,58.09,1397.76,1137.46,859.86,254.76,279.38
Mina C,NA,81.7,78.97,376.94,391960.88,1582.6,248.26,5.62,57.86,1385.15,1141.78,894.8,254.49,247.51
Mina C,NA,81.64,82.66,351.67,386572.08,1552.87,248.61,6.24,57.67,1381.47,1133.49,934.26,253.37,198.23
Mina C,NA,82.13,79.47,384.88,408375.6,1657.3,252,5.5,58.36,1397.34,1130.04,916.04,254.43,225.08
Mina C,NA,80.87,63.28,351.92,298837.07,1188.69,248.79,6.16,57.83,1403.37,1145.4,710.13,256.91,423.23
Mina C,NA,81.75,56.92,350.97,265962.99,1063.43,249.28,6.17,58.31,1384.22,1145.4,650.4,254.33,491.36
Mina C,NA,80.93,71.18,422.93,401956.8,1607.57,249.23,4.86,58.05,1389.81,1136.46,804.41,254.81,333.46
Mina C,NA,81.02,83.57,351.44,398373.08,1587.9,250.35,5.9,58.03,1393.43,1147.46,942.41,259.96,197.18
Mina C,NA,81.36,83.35,346.48,390177.96,1549.13,247.85,6.07,58.12,1416.81,1153.93,943.16,255.95,197.3
Mina C,NA,81.17,82.67,337.24,382634.83,1506.7,248.32,6.23,58.48,1401.37,1150.96,954.03,254.17,198.43
Mina C,NA,80.99,79.63,360.06,391463.97,1604.87,244.51,5.78,58.44,1419.42,1152.37,913.87,255.48,231.16
Mina C,NA,82.1,79.85,342.69,374656.9,1540.78,241.63,6.1,58.5,1405.15,1158.67,913.39,254.59,234.26
Mina C,NA,81.39,72.73,362.49,361791.15,1467.59,246.19,5.63,59.1,1407.9,1153.86,835.75,258.46,316.72
Mina C,NA,81.33,80.18,366.09,398964.02,1643.45,242.31,5.58,59.02,1416.92,1145.35,918.57,255.68,234.3
Mina C,NA,81.59,79.22,348.49,382415.88,1564.92,243.11,5.97,59.3,1403.39,1152.53,926.33,260.37,232.46
Mina C,NA,81.8,80.49,348.28,382715.78,1577.04,242.35,6,58.93,1418.3,1154.66,929.2,260.24,230.2
Mina C,NA,81.94,80.19,349.72,386812.9,1565.96,242.04,5.96,58.91,1405.84,1146.16,932.45,258.45,232.63
Mina C,NA,81.33,79.53,317.89,348439.9,1434.27,245.54,6.73,59.52,1427.6,1166.1,930.81,260.55,230.64
Mina C,NA,82.35,79.43,363.43,391056.27,1627.68,243.48,5.71,59.49,1427,1146.57,930.06,258.01,230.32
Mina C,NA,81,80.4,353.88,381105.48,1587.98,243.82,5.91,58.42,1419.39,1153.59,927.95,261.45,231.35
Mina C,NA,81.23,80.69,345.67,376989.19,1544.38,241.99,6.1,58.51,1405.46,1153.13,929.44,260.41,233.54
Mina C,NA,81.96,80.19,362.2,401622.92,1627.78,243.23,5.69,58.94,1402.12,1155.5,930.42,261.04,232.32
Mina C,NA,82.36,80.48,369.36,401333.86,1660.21,242.12,5.64,58.89,1403.49,1166.95,919.97,259.81,230.73
Mina C,NA,81.19,79.38,373.21,405921.59,1675.14,243.53,5.53,59.11,1407.02,1166.94,930.84,257.54,231.34
Mina C,NA,81.13,80.69,341.94,374403.24,1545.56,244.77,6.15,58.61,1404.64,1157.74,923.86,259.68,232.94
Mina C,NA,81.07,80.3,378.56,413605.23,1681.66,243.2,5.38,59.24,1416.08,1154.73,921.44,258.94,231.41
Mina C,NA,82.26,79.51,335.7,365837.08,1489.04,243.95,6.38,59.37,1429.88,1153.28,920.65,260.36,234.2
Mina C,NA,82.45,79.22,365.16,405908.1,1638.29,245.79,5.62,59.57,1404.2,1155.9,916.62,257.11,229.82
Mina C,NA,82.03,80.69,365.48,395353.61,1639.91,244.93,5.63,58.71,1409.95,1146.3,922.45,257.59,230.99
Mina C,NA,81.53,79.48,358.69,393060.01,1600.19,245,5.84,59.15,1414.02,1156.89,917.05,261.68,232.19
Mina C,NA,80.94,79.31,356.25,394213.86,1603.86,245.69,5.75,58.5,1428,1160.47,919.3,260.87,231.18
Mina C,NA,82.3,79.24,363.38,402072.65,1625.56,241.9,5.61,58.5,1422.57,1150.01,919.44,259.79,233.45
Mina C,NA,81.75,80.57,382.68,418769.48,1735.28,245.9,5.24,58.77,1420.17,1151.35,918.69,259.32,230.75
Mina C,NA,81.82,76.79,366.72,384823.73,1568.51,242.3,5.69,58.98,1418.88,1156.66,885.66,260.51,266.69
Mina C,NA,81.06,76.77,367.67,382383.12,1588.42,243.91,5.57,58.9,1425.12,1152.1,888.21,263.78,273.8
Mina C,NA,82.03,66.77,436.51,403659.09,1649.56,245.48,4.39,58.57,1429.98,1165.51,772.11,258.62,382.85
Mina C,NA,81.67,79.53,411.98,445964.7,1849.33,243.79,4.86,58.63,1428.78,1163.17,923.98,261.56,229.91
Mina C,NA,81.86,79.35,431.58,475218.51,1930.74,243.09,4.5,58.83,1406.51,1152.65,925.47,257.81,232.33
Mina C,NA,81.97,80.09,368.74,402201.08,1671.79,243.09,5.48,59.5,1416.53,1151.7,918.05,261.2,231.64
Mina C,NA,82.07,79.84,336,372523.82,1527.9,243.13,6.23,58.44,1417.7,1164.1,929.64,259.07,232.19
Mina C,NA,81.1,79.82,330.22,359553.43,1471.51,243.34,6.52,59.57,1426.56,1163.44,929.13,259.55,232.18
Mina C,NA,81.03,79.56,341.03,378827.81,1530.76,241.46,6.11,58.59,1427.2,1157.71,922.51,259.09,231.2
Mina C,NA,81.24,80.19,326.84,357944.36,1462.53,241.45,6.31,58.49,1428.86,1161.48,933.22,261.6,232.79
Mina C,NA,81.3,79.94,346.94,376879.43,1561.57,242.69,5.89,59.03,1419.66,1158.45,925.77,260.86,232.77
Mina C,NA,81.86,80.16,339.27,368850.32,1504.15,241.45,6.05,58.64,1412.04,1155.49,921.29,261.21,230.96
Mina C,NA,81.64,79.22,371.43,402162.57,1654.5,244.54,5.36,59.15,1427.26,1162.46,923.25,258.35,229.77
Mina C,NA,80.97,79.57,332.27,364435.92,1496.96,245.55,6.14,58.59,1414.53,1160.48,923.99,260.59,233.45
Mina C,NA,80.93,79.66,327.77,364371.88,1514.93,244.05,6.24,59.51,1433.5,1169.16,935.37,265.69,237.54
Mina C,NA,81.59,80.06,351.34,390956.4,1588.94,245.92,5.77,60.36,1453.68,1183.16,939.92,265.4,233.01
Mina C,NA,81.45,80.45,344.01,382645.27,1560.29,245.85,5.59,60.46,1442.11,1186.54,938.89,260.97,235.82
Mina C,NA,81.32,80.62,357.04,398821.11,1611.41,242.79,5.4,60.54,1450.34,1181.91,946.94,262.36,237.5
Mina C,NA,81.24,79.74,338.91,382190.64,1543.05,243.16,5.77,60.26,1432,1170.87,949.23,263.52,235.7
Mina C,NA,81.1,79.65,361.82,398116.99,1660.95,242.68,5.35,60.12,1433.15,1182.83,932.19,266.02,236.17
Mina C,NA,82.03,80.63,342.07,378896.27,1579.55,244.67,5.66,60.36,1452.81,1175.92,939.56,264.62,234.51
Mina C,NA,81.55,80.41,331.98,365761.62,1508.56,241.98,5.97,60.53,1439.87,1167.61,948.93,262.83,236.34
Mina C,NA,81.14,80,340.18,382129.26,1568.03,244.86,5.7,60.18,1426.96,1179.19,945.53,264.64,234.54
Mina C,NA,82.37,74.5,405.63,421436.06,1728.28,242.78,4.8,60.48,1448.38,1188.14,891.12,265.36,292.07
Mina C,NA,81.61,79.99,346.38,382908.96,1588.35,244.37,5.92,59.68,1433.49,1174.7,945.23,261.16,234.02
Mina C,NA,82.18,80.4,364.63,412359.12,1679.95,241.75,5.43,59.55,1450.08,1166.83,940.28,261.97,237.05
Mina C,NA,82.25,79.88,341.77,385315.11,1574.46,242.38,5.9,60.49,1453.77,1183.07,940.28,263.33,233.65
Mina C,NA,81.72,80.07,342.72,386482.62,1583.58,244.81,5.93,60.54,1436.69,1176.78,940.45,263.69,237.06
Mina C,NA,81.97,71.26,322.55,325448.41,1316.37,244.24,6.42,59.57,1452.76,1166.42,837.47,261.14,332.81
Mina C,NA,81.71,80.04,321.3,359034.13,1474.49,243.97,6.39,60.12,1427.68,1174.83,939.26,261.25,234.53
Mina C,NA,82.28,80.1,340.09,380647.61,1535.6,244.07,5.7,60.44,1450.28,1185.93,938.66,263.6,234.03
Mina C,NA,80.9,80.69,342.22,381582.69,1559.05,244.46,5.58,60.05,1444.77,1171.62,948.75,266.13,233.69
Mina C,NA,81.64,79.39,348.55,381362.1,1568.02,242.99,5.54,60.07,1445.14,1184.84,938.62,264.57,235.4
Mina C,NA,81.19,80.74,329.26,370258.11,1518.54,244.58,5.79,59.87,1429.79,1181.68,947.58,262.19,235.51
Mina C,NA,81.66,79.66,311.18,346339.99,1440.77,244.24,6.27,59.72,1443.98,1178.18,933.62,263,233.04
Mina C,NA,82.4,80.62,303.99,341851.96,1406.18,242.06,6.5,60.28,1441.1,1167.46,946.12,263.58,234.38
Mina C,NA,82.29,80.11,319.81,356102.2,1454.36,243.32,6.13,59.53,1432.16,1172.63,939.05,263.22,234.81
Mina C,NA,81.75,80.05,339.26,375007.71,1537.66,245.76,6.1,59.84,1438.5,1173.55,936.2,261.62,236.09
Mina C,NA,77.12,80.24,443.57,403641.93,1645.88,243.62,4.81,59.84,1453.7,1125.07,912.83,320.05,211.28
Mina C,NA,78.31,81.34,437.54,403212.62,1648.76,244.54,4.81,59.66,1434.22,1108.75,908.46,320.17,211.73
Mina C,NA,77.33,80.24,442.91,397042.08,1639.69,240.41,4.85,60.44,1430.23,1126.01,899.62,319.85,213.69
Mina C,NA,78.32,80.28,442.31,401674.55,1651.78,243.06,4.83,60.02,1438.18,1115.41,913.84,322.85,211.8
Mina C,NA,78.41,80.9,442.52,403813.61,1649.21,242.5,4.84,60.04,1436.24,1129.4,906.19,318.83,214.17
Mina C,NA,77.31,81.2,442.95,399294.88,1669.3,243.31,4.79,59.98,1448.57,1122.09,905.05,319.33,212.04
Mina C,NA,77.5,80.2,440.44,401344.55,1662.2,240.34,4.82,59.99,1453.34,1115.12,912.65,318.22,210.73
Mina C,NA,77.13,81.81,444.8,399141.22,1646.29,241.79,4.81,59.46,1450.96,1113.42,915.79,318.29,212.56
Mina C,NA,78.02,81.64,439.42,400238.93,1636.69,241.48,4.81,59.45,1439.66,1124.86,914.62,318.96,213.16
Mina C,NA,77.97,81.78,444.6,399925.14,1649.23,240.5,4.78,59.48,1433.6,1120.12,915.48,322.26,212.65
Mina C,NA,77.79,80.26,442.15,397553,1656.72,244.75,4.83,59.62,1454,1130.47,900.92,321.35,211.86
Mina C,NA,77.64,81.51,442.7,403172.37,1659.04,243.4,4.83,59.63,1428.25,1116.61,908.61,319.74,214.65
Mina C,NA,77.94,80.21,446.01,403699.29,1637.7,240,4.85,59.51,1447.32,1123.5,904.16,323.58,214.6
Mina C,NA,78.15,80.48,445.54,399293.4,1658.98,244.27,4.82,59.81,1441.16,1126.13,912.93,321.2,213.88
Mina C,NA,77.51,80.47,442.22,397663.99,1658.31,240,4.77,59.81,1433.77,1110.21,903.51,321.54,214.42
Mina C,NA,77.42,81.69,437.93,398625.81,1664.41,241.77,4.81,59.67,1436.45,1116.59,907.48,321.05,211.11
Mina C,NA,77.84,81.75,440.08,396786.05,1663.04,244.26,4.85,60.59,1450.81,1127.71,902.42,319.55,211.3
Mina C,NA,77.56,80.46,442.32,401036.21,1639.69,243.88,4.85,60.46,1452.68,1112.15,909.53,318.57,211.31
Mina C,NA,77.31,81.02,441.68,403565.71,1653.61,243.29,4.81,59.52,1453.37,1125.41,911.31,319.64,213.37
Mina C,NA,77.92,81.75,441.26,401082.38,1640.7,243.52,4.81,59.61,1434.11,1111.32,908.96,320.66,213.44
Mina C,NA,78.18,80.79,440.78,400267.57,1643.3,241.47,4.83,60.34,1447.83,1130.04,905.65,318.53,211.45
Mina C,NA,77.52,81.28,439.63,399815.4,1639.81,242.99,4.82,59.42,1427.21,1109.5,900.35,317.98,212.78
Mina C,NA,78.2,80.27,446.02,401571.43,1659.16,244.82,4.78,60.21,1442.14,1118.02,915.68,318.98,213
Mina C,NA,78.29,81.53,442.82,401925.18,1655.89,242.84,4.85,60.1,1438.99,1127.26,908.16,321.41,211.75
Mina C,NA,78.12,81.3,441.04,402939.99,1662.78,243.05,4.82,59.77,1453.28,1113.67,908.98,319.75,214.76
Mina C,NA,77.98,80.43,445.79,400332.95,1646.99,241.98,4.84,59.99,1451.85,1111.22,908.65,322.2,213.43
Mina C,NA,77.46,80.71,444.5,400416.43,1655.43,240.35,4.81,59.82,1451.43,1119.61,907.29,320.82,210.73
Mina C,NA,78.07,80.44,444.91,398460.89,1644,242.93,4.84,60.23,1433.45,1115.17,898.51,321.15,213.79
Mina C,NA,77.37,81.18,440.36,399815.3,1668.97,243.9,4.85,59.86,1429.54,1121.16,914.85,320.38,211.49
Mina C,NA,77.56,81.41,438.83,398004.59,1660.07,241.14,4.8,60.26,1434.93,1112.95,904.29,319.87,214.18
Mina C,NA,77.71,81.56,443.18,397517.13,1653.5,244.61,4.82,60.54,1434.99,1115.7,915.89,321.14,212.85
Mina C,NA,77.4,81.01,446.22,399039.89,1646.2,244.26,4.84,60.07,1454.16,1120.1,908.89,318.72,213.75
Mina C,NA,77.68,80.56,438.02,398093.27,1644.03,240.8,4.77,60.47,1426.16,1128.05,914.39,319.31,214.61
Mina C,NA,78.22,81.38,438.83,402673.1,1645.57,244.49,4.78,59.69,1431.85,1121.19,906.63,318.46,213.79
Mina C,NA,80.24,82.61,423.84,400495.61,1666.83,241.34,4.78,59.51,1427.69,1151.74,944.89,271.99,204
Mina C,NA,80.18,82.06,429.48,403167.28,1640.42,243.79,4.77,59,1414.24,1153.38,940.48,270.91,205.51
Mina C,NA,81.31,82.36,423.93,399203.38,1651.27,242.24,4.79,58.44,1421.38,1141.72,935.9,273.47,203.85
Mina C,NA,80.67,81.41,431.37,403251.36,1661.35,244.02,4.79,59.07,1402.66,1153.47,932.93,270.35,207.44
Mina C,NA,80.96,81.52,424.48,402961.87,1641.12,244.72,4.78,59.38,1415.9,1138.78,943.02,271.31,206.67
Mina C,NA,80.99,82.2,429.5,400189.79,1666.89,244.52,4.8,58.57,1414.41,1153.62,946.88,272.5,207.12
Mina C,NA,80.95,81.26,424.14,403859.92,1637.49,242.81,4.85,58.43,1422.14,1142.79,928.57,273.8,207.87
Mina C,NA,80.19,81.35,416.95,399230.95,1653.59,243.42,4.79,59.47,1439.84,1168.35,948.08,277,208.21
Mina C,NA,80.66,82.81,416.68,400219.89,1659.62,242.63,4.85,60.27,1431.39,1168.22,955.47,276.85,208.72
Mina C,NA,80.04,82.46,418.97,399748.62,1667.02,241.5,4.85,59.74,1426.14,1155.15,946.83,277.78,207.76
Mina C,NA,80.72,82.26,420.76,400090.85,1639.57,240.93,4.79,59.61,1426.29,1162.44,952.67,274.35,209.39
Mina C,NA,81.39,81.49,422.01,402465.91,1647.82,243.19,4.84,59.61,1452.74,1164.9,957.79,275.86,210.79
Mina C,NA,81.09,82.73,417.22,404764.82,1662.32,242.73,4.85,59.74,1449.36,1160.19,953.09,273.97,210.22
Mina C,NA,81.27,81.69,418.91,403882.17,1647.41,244.3,4.84,59.44,1436.32,1174.17,959.89,278.23,207.94
Mina C,NA,81.07,82.36,416.44,400844.22,1641.65,241.53,4.8,60.17,1438.14,1164.77,951.36,278.23,208.16
Mina C,NA,80.6,82.26,421.14,398571.48,1643.53,241.72,4.85,60.37,1448.92,1169.57,955.2,274.65,208.12
Mina C,NA,81.34,82.32,423.74,404044.57,1650.74,240.16,4.76,60.42,1450.75,1172.53,960.4,276.09,208.06
Mina C,NA,80.71,82.46,421.74,403975.5,1649.02,240.64,4.84,59.54,1428.19,1170.86,959.03,277.72,211
Mina C,NA,80.04,81.72,418.55,400168.41,1649.15,242.71,4.85,59.47,1428.79,1154.9,952.98,276.14,210.34
Mina C,NA,79.8,81.36,420.8,404599.47,1646.65,241.66,4.8,60.6,1427.17,1147.14,941.27,280.83,206.56
Mina C,NA,80.16,81.36,424.38,402277.87,1649.84,240.72,4.79,60.5,1427.68,1150.84,948.06,280.48,210.28
Mina C,NA,81.05,81.56,422.62,402357.16,1667.41,243.29,4.81,59.91,1451.49,1160.17,948.5,278.88,210.38
Mina C,NA,81.61,81.87,423.44,397330.62,1648.8,239.97,4.79,59.68,1451.04,1171.93,963.36,277.34,209.91
Mina C,NA,80.42,82.67,422.34,399093.12,1650.55,244.35,4.81,60.12,1451.22,1158.38,954.37,277.8,210.82
Mina C,NA,80.44,81.32,423.95,397187.29,1647.08,242.08,4.78,60.56,1439.4,1157.12,945.52,276.96,211.52
Mina C,NA,81.5,83.65,419.01,397758.92,1668.95,242.5,4.81,59.53,1426.92,1159.98,972.79,276.78,199.26
Mina C,NA,81.56,82.3,416.81,401278.58,1655.69,244.69,4.85,59.52,1439.46,1165.91,958.48,274.79,198.38
Mina C,NA,81.04,83.61,418.53,404370.12,1645.23,241.87,4.83,59.98,1428.45,1158.66,971.77,275.71,196.01
Mina C,NA,81.21,82.08,418.23,398144.65,1668.81,241.12,4.79,60.48,1433.18,1172.95,965.59,274.81,200.89
Mina C,NA,81.54,82.65,417.32,404686.3,1660.02,244.12,4.84,59.55,1427.29,1155.14,966.93,274.56,203.29
Mina C,NA,80.7,82.75,418.02,403728.72,1652.33,240.91,4.85,60.04,1436.93,1159.96,960.89,278.99,201.67
Mina C,NA,81.15,82.39,414.07,400511.72,1656.64,243.22,4.8,59.42,1447.1,1167.54,969.01,278.49,201.61
Mina C,NA,80.46,82.44,412.82,402398.33,1662.08,240.55,4.82,59.56,1428.01,1162.61,963.51,277.78,200.46
Mina C,NA,80.87,83.4,414.04,402713.1,1638.58,241.42,4.78,59.95,1436.31,1166.99,965.15,277.82,201.6
Mina C,NA,80,82.07,414.4,404279.35,1642.82,240.46,4.78,59.49,1435.15,1173.58,960.99,275.13,202.74
Mina C,NA,79.89,82.87,420.87,399763.75,1636.58,242.85,4.78,60.44,1428.52,1147.7,961.82,281.11,200.87
Mina C,NA,80.44,81.95,418.04,399605.17,1654.39,241.25,4.84,60.47,1437.99,1157.42,956.58,281.49,200.08
Mina C,NA,80.6,82.68,420.4,402825.27,1667.02,243.32,4.81,60.32,1444.14,1165.9,959.51,278.37,202.31
Mina C,NA,81.53,82.32,411.44,401734.85,1660.65,242.04,4.78,60.46,1449.93,1173.15,967.5,273.07,200.33
Mina C,NA,81.38,82.11,415.25,396852.45,1647.29,240.61,4.84,60.51,1437.52,1164.3,965.46,272.3,203.99
Mina C,NA,80.99,83.34,418.22,399695.44,1645.24,240.93,4.86,60.49,1445.82,1156.27,969.22,275.08,201.28
Mina C,NA,81.31,82.01,413.69,400096.73,1638.22,242.89,4.78,60.1,1435.81,1173.75,966.8,273.47,201.99
Mina C,NA,80.97,83.2,412.97,400278.57,1651.88,242.86,4.82,60.39,1437.31,1167.19,956.78,272.26,200.96
Mina C,NA,81.67,81.89,417.38,400508.65,1652.92,240.16,4.77,59.51,1439.35,1172.55,968.47,271.39,203.76
Mina C,NA,81.04,82.97,415.14,401493.24,1664.71,241.24,4.82,60.39,1434.81,1165.89,972.08,277.64,200.89
Mina C,NA,81.41,82.08,416.72,397260.78,1663.54,241.03,4.8,60.31,1440.52,1171.37,969.48,275.53,201.02
Mina C,NA,80.36,82.21,419,402491.52,1665.6,240.11,4.8,59.58,1433.44,1170.04,966.48,271.84,203.95
Mina C,NA,81.21,82.42,418.38,402589.64,1663.24,240.14,4.77,59.46,1441.12,1155.17,967.85,271.29,201.72
Mina C,NA,78.36,82.62,424.98,401257.75,1655.89,243.32,4.81,60.32,1444.69,1130.81,943.66,303.02,198.62
Mina C,NA,80.4,82.54,417.57,399577.06,1659.56,243.27,4.76,60.29,1440.53,1171.49,953.86,276.96,201.88
Mina C,NA,80.09,83.33,412.57,402956.92,1641.4,240.38,4.82,60.33,1433.02,1155.47,965.1,276.58,201.06
Mina C,NA,81.48,81.97,415.13,404516.1,1664.2,242.49,4.79,59.62,1438.77,1166.15,964.51,277.21,199.66
Mina C,NA,80.82,81.84,414.03,400473.96,1652.81,243.67,4.8,59.7,1454.15,1162.19,958.12,274.11,200.54
Mina C,NA,81.55,81.97,413.77,398542.95,1643.35,239.95,4.85,60.22,1438.09,1160.09,963.7,277.71,201.99
Mina C,NA,80.81,83.46,413.79,399415.23,1666.31,242.45,4.78,60.54,1450.64,1156.31,959.34,273.88,200.15
Mina C,NA,81.34,83.24,419.91,398145.09,1651.93,241.74,4.8,59.63,1433,1172.83,970.01,278.27,202.18
